{
  "tracks": [
    {
      "album": {
        "album_type": "album",
        "artists": [
          {
            "external_urls": {
              "spotify": "https://open.spotify.com/artist/0LcJLqbBmaGUft1e9Mm8HV"
            },
            "href": "https://api.spotify.com/v1/artists/0LcJLqbBmaGUft1e9Mm8HV",
            "id": "0LcJLqbBmaGUft1e9Mm8HV",
            "name": "ABBA",
            "type": "artist",
            "uri": "spotify:artist:0LcJLqbBmaGUft1e9Mm8HV"
          }
        ],
        "external_urls": {
          "spotify": "https://open.spotify.com/album/1V6a99EbTTIegOhWoPxYI9"
        },
        "href": "https://api.spotify.com/v1/albums/1V6a99EbTTIegOhWoPxYI9",
        "id": "1V6a99EbTTIegOhWoPxYI9",
        "images": [
          {
            "url": "https://i.scdn.co/image/ab67616d0000b27370f7a1b35d5165c85b95a0e0",
            "height": 640,
            "width": 640
          },
          {
            "url": "https://i.scdn.co/image/ab67616d00001e0270f7a1b35d5165c85b95a0e0",
            "height": 300,
            "width": 300
          },
          {
            "url": "https://i.scdn.co/image/ab67616d0000485170f7a1b35d5165c85b95a0e0",
            "height": 64,
            "width": 64
          }
        ],
        "is_playable": true,
        "name": "Arrival",
        "release_date": "1976",
        "release_date_precision": "year",
        "total_tracks": 12,
        "type": "album",
        "uri": "spotify:album:1V6a99EbTTIegOhWoPxYI9"
      },
      "artists": [
        {
          "external_urls": {
            "spotify": "https://open.spotify.com/artist/0LcJLqbBmaGUft1e9Mm8HV"
          },
          "href": "https://api.spotify.com/v1/artists/0LcJLqbBmaGUft1e9Mm8HV",
          "id": "0LcJLqbBmaGUft1e9Mm8HV",
          "name": "ABBA",
          "type": "artist",
          "uri": "spotify:artist:0LcJLqbBmaGUft1e9Mm8HV"
        }
      ],
      "disc_number": 1,
      "duration_ms": 230400,
      "explicit": false,
      "external_ids": {
        "isrc": "SEAYD7601020"
      },
      "external_urls": {
        "spotify": "https://open.spotify.com/track/0GjEhVFGZW8afUYGChu3Rr"
      },
      "href": "https://api.spotify.com/v1/tracks/0GjEhVFGZW8afUYGChu3Rr",
      "id": "0GjEhVFGZW8afUYGChu3Rr",
      "is_local": false,
      "is_playable": true,
      "name": "Dancing Queen",
      "popularity": 83,
      "preview_url": null,
      "track_number": 2,
      "type": "track",
      "uri": "spotify:track:0GjEhVFGZW8afUYGChu3Rr"
    },
    {
      "album": {
        "album_type": "album",
        "artists": [
          {
            "external_urls": {
              "spotify": "https://open.spotify.com/artist/0LcJLqbBmaGUft1e9Mm8HV"
            },
            "href": "https://api.spotify.com/v1/artists/0LcJLqbBmaGUft1e9Mm8HV",
            "id": "0LcJLqbBmaGUft1e9Mm8HV",
            "name": "ABBA",
            "type": "artist",
            "uri": "spotify:artist:0LcJLqbBmaGUft1e9Mm8HV"
          }
        ],
        "external_urls": {
          "spotify": "https://open.spotify.com/album/7iLuHJkrb9KHPkMgddYigh"
        },
        "href": "https://api.spotify.com/v1/albums/7iLuHJkrb9KHPkMgddYigh",
        "id": "7iLuHJkrb9KHPkMgddYigh",
        "images": [
          {
            "url": "https://i.scdn.co/image/ab67616d0000b273aa22899360d8ba6704732dec",
            "height": 640,
            "width": 640
          },
          {
            "url": "https://i.scdn.co/image/ab67616d00001e02aa22899360d8ba6704732dec",
            "height": 300,
            "width": 300
          },
          {
            "url": "https://i.scdn.co/image/ab67616d00004851aa22899360d8ba6704732dec",
            "height": 64,
            "width": 64
          }
        ],
        "is_playable": true,
        "name": "Voulez-Vous",
        "release_date": "1979",
        "release_date_precision": "year",
        "total_tracks": 13,
        "type": "album",
        "uri": "spotify:album:7iLuHJkrb9KHPkMgddYigh"
      },
      "artists": [
        {
          "external_urls": {
            "spotify": "https://open.spotify.com/artist/0LcJLqbBmaGUft1e9Mm8HV"
          },
          "href": "https://api.spotify.com/v1/artists/0LcJLqbBmaGUft1e9Mm8HV",
          "id": "0LcJLqbBmaGUft1e9Mm8HV",
          "name": "ABBA",
          "type": "artist",
          "uri": "spotify:artist:0LcJLqbBmaGUft1e9Mm8HV"
        }
      ],
      "disc_number": 1,
      "duration_ms": 292613,
      "explicit": false,
      "external_ids": {
        "isrc": "SEAYD7901120"
      },
      "external_urls": {
        "spotify": "https://open.spotify.com/track/3vkQ5DAB1qQMYO4Mr9zJN6"
      },
      "href": "https://api.spotify.com/v1/tracks/3vkQ5DAB1qQMYO4Mr9zJN6",
      "id": "3vkQ5DAB1qQMYO4Mr9zJN6",
      "is_local": false,
      "is_playable": true,
      "name": "Gimme! Gimme! Gimme! (A Man After Midnight)",
      "popularity": 78,
      "preview_url": null,
      "track_number": 13,
      "type": "track",
      "uri": "spotify:track:3vkQ5DAB1qQMYO4Mr9zJN6"
    },
    {
      "album": {
        "album_type": "album",
        "artists": [
          {
            "external_urls": {
              "spotify": "https://open.spotify.com/artist/0LcJLqbBmaGUft1e9Mm8HV"
            },
            "href": "https://api.spotify.com/v1/artists/0LcJLqbBmaGUft1e9Mm8HV",
            "id": "0LcJLqbBmaGUft1e9Mm8HV",
            "name": "ABBA",
            "type": "artist",
            "uri": "spotify:artist:0LcJLqbBmaGUft1e9Mm8HV"
          }
        ],
        "external_urls": {
          "spotify": "https://open.spotify.com/album/3ZdkT5buYFi1WQaB0XNNtf"
        },
        "href": "https://api.spotify.com/v1/albums/3ZdkT5buYFi1WQaB0XNNtf",
        "id": "3ZdkT5buYFi1WQaB0XNNtf",
        "images": [
          {
            "url": "https://i.scdn.co/image/ab67616d0000b2734d08fc99eff4ed52dfce91fa",
            "height": 640,
            "width": 640
          },
          {
            "url": "https://i.scdn.co/image/ab67616d00001e024d08fc99eff4ed52dfce91fa",
            "height": 300,
            "width": 300
          },
          {
            "url": "https://i.scdn.co/image/ab67616d000048514d08fc99eff4ed52dfce91fa",
            "height": 64,
            "width": 64
          }
        ],
        "is_playable": true,
        "name": "Super Trouper",
        "release_date": "1980",
        "release_date_precision": "year",
        "total_tracks": 12,
        "type": "album",
        "uri": "spotify:album:3ZdkT5buYFi1WQaB0XNNtf"
      },
      "artists": [
        {
          "external_urls": {
            "spotify": "https://open.spotify.com/artist/0LcJLqbBmaGUft1e9Mm8HV"
          },
          "href": "https://api.spotify.com/v1/artists/0LcJLqbBmaGUft1e9Mm8HV",
          "id": "0LcJLqbBmaGUft1e9Mm8HV",
          "name": "ABBA",
          "type": "artist",
          "uri": "spotify:artist:0LcJLqbBmaGUft1e9Mm8HV"
        }
      ],
      "disc_number": 1,
      "duration_ms": 274466,
      "explicit": false,
      "external_ids": {
        "isrc": "SEAYD8001090"
      },
      "external_urls": {
        "spotify": "https://open.spotify.com/track/4euAGZTszWPrriggYK0HG9"
      },
      "href": "https://api.spotify.com/v1/tracks/4euAGZTszWPrriggYK0HG9",
      "id": "4euAGZTszWPrriggYK0HG9",
      "is_local": false,
      "is_playable": true,
      "name": "Lay All Your Love On Me",
      "popularity": 75,
      "preview_url": null,
      "track_number": 9,
      "type": "track",
      "uri": "spotify:track:4euAGZTszWPrriggYK0HG9"
    },
    {
      "album": {
        "album_type": "album",
        "artists": [
          {
            "external_urls": {
              "spotify": "https://open.spotify.com/artist/0LcJLqbBmaGUft1e9Mm8HV"
            },
            "href": "https://api.spotify.com/v1/artists/0LcJLqbBmaGUft1e9Mm8HV",
            "id": "0LcJLqbBmaGUft1e9Mm8HV",
            "name": "ABBA",
            "type": "artist",
            "uri": "spotify:artist:0LcJLqbBmaGUft1e9Mm8HV"
          }
        ],
        "external_urls": {
          "spotify": "https://open.spotify.com/album/1kM6xcSYO5ASJaWgygznL7"
        },
        "href": "https://api.spotify.com/v1/albums/1kM6xcSYO5ASJaWgygznL7",
        "id": "1kM6xcSYO5ASJaWgygznL7",
        "images": [
          {
            "url": "https://i.scdn.co/image/ab67616d0000b27392d0747a634fcc351c6ac3c2",
            "height": 640,
            "width": 640
          },
          {
            "url": "https://i.scdn.co/image/ab67616d00001e0292d0747a634fcc351c6ac3c2",
            "height": 300,
            "width": 300
          },
          {
            "url": "https://i.scdn.co/image/ab67616d0000485192d0747a634fcc351c6ac3c2",
            "height": 64,
            "width": 64
          }
        ],
        "is_playable": true,
        "name": "Abba",
        "release_date": "1975",
        "release_date_precision": "year",
        "total_tracks": 13,
        "type": "album",
        "uri": "spotify:album:1kM6xcSYO5ASJaWgygznL7"
      },
      "artists": [
        {
          "external_urls": {
            "spotify": "https://open.spotify.com/artist/0LcJLqbBmaGUft1e9Mm8HV"
          },
          "href": "https://api.spotify.com/v1/artists/0LcJLqbBmaGUft1e9Mm8HV",
          "id": "0LcJLqbBmaGUft1e9Mm8HV",
          "name": "ABBA",
          "type": "artist",
          "uri": "spotify:artist:0LcJLqbBmaGUft1e9Mm8HV"
        }
      ],
      "disc_number": 1,
      "duration_ms": 213266,
      "explicit": false,
      "external_ids": {
        "isrc": "SEAYD7501010"
      },
      "external_urls": {
        "spotify": "https://open.spotify.com/track/2TxCwUlqaOH3TIyJqGgR91"
      },
      "href": "https://api.spotify.com/v1/tracks/2TxCwUlqaOH3TIyJqGgR91",
      "id": "2TxCwUlqaOH3TIyJqGgR91",
      "is_local": false,
      "is_playable": true,
      "name": "Mamma Mia",
      "popularity": 76,
      "preview_url": null,
      "track_number": 1,
      "type": "track",
      "uri": "spotify:track:2TxCwUlqaOH3TIyJqGgR91"
    },
    {
      "album": {
        "album_type": "album",
        "artists": [
          {
            "external_urls": {
              "spotify": "https://open.spotify.com/artist/0LcJLqbBmaGUft1e9Mm8HV"
            },
            "href": "https://api.spotify.com/v1/artists/0LcJLqbBmaGUft1e9Mm8HV",
            "id": "0LcJLqbBmaGUft1e9Mm8HV",
            "name": "ABBA",
            "type": "artist",
            "uri": "spotify:artist:0LcJLqbBmaGUft1e9Mm8HV"
          }
        ],
        "external_urls": {
          "spotify": "https://open.spotify.com/album/5fLOHW1UXr1cJrnXiU3FBt"
        },
        "href": "https://api.spotify.com/v1/albums/5fLOHW1UXr1cJrnXiU3FBt",
        "id": "5fLOHW1UXr1cJrnXiU3FBt",
        "images": [
          {
            "url": "https://i.scdn.co/image/ab67616d0000b2736f705bef76c1d861c4d51d8c",
            "height": 640,
            "width": 640
          },
          {
            "url": "https://i.scdn.co/image/ab67616d00001e026f705bef76c1d861c4d51d8c",
            "height": 300,
            "width": 300
          },
          {
            "url": "https://i.scdn.co/image/ab67616d000048516f705bef76c1d861c4d51d8c",
            "height": 64,
            "width": 64
          }
        ],
        "is_playable": true,
        "name": "The Album",
        "release_date": "1977",
        "release_date_precision": "year",
        "total_tracks": 10,
        "type": "album",
        "uri": "spotify:album:5fLOHW1UXr1cJrnXiU3FBt"
      },
      "artists": [
        {
          "external_urls": {
            "spotify": "https://open.spotify.com/artist/0LcJLqbBmaGUft1e9Mm8HV"
          },
          "href": "https://api.spotify.com/v1/artists/0LcJLqbBmaGUft1e9Mm8HV",
          "id": "0LcJLqbBmaGUft1e9Mm8HV",
          "name": "ABBA",
          "type": "artist",
          "uri": "spotify:artist:0LcJLqbBmaGUft1e9Mm8HV"
        }
      ],
      "disc_number": 1,
      "duration_ms": 243933,
      "explicit": false,
      "external_ids": {
        "isrc": "SEAYD7702020"
      },
      "external_urls": {
        "spotify": "https://open.spotify.com/track/5BckPAYcKEJuYs1eV1BHHe"
      },
      "href": "https://api.spotify.com/v1/tracks/5BckPAYcKEJuYs1eV1BHHe",
      "id": "5BckPAYcKEJuYs1eV1BHHe",
      "is_local": false,
      "is_playable": true,
      "name": "Take A Chance On Me",
      "popularity": 74,
      "preview_url": null,
      "track_number": 2,
      "type": "track",
      "uri": "spotify:track:5BckPAYcKEJuYs1eV1BHHe"
    },
    {
      "album": {
        "album_type": "album",
        "artists": [
          {
            "external_urls": {
              "spotify": "https://open.spotify.com/artist/0LcJLqbBmaGUft1e9Mm8HV"
            },
            "href": "https://api.spotify.com/v1/artists/0LcJLqbBmaGUft1e9Mm8HV",
            "id": "0LcJLqbBmaGUft1e9Mm8HV",
            "name": "ABBA",
            "type": "artist",
            "uri": "spotify:artist:0LcJLqbBmaGUft1e9Mm8HV"
          }
        ],
        "external_urls": {
          "spotify": "https://open.spotify.com/album/3ZdkT5buYFi1WQaB0XNNtf"
        },
        "href": "https://api.spotify.com/v1/albums/3ZdkT5buYFi1WQaB0XNNtf",
        "id": "3ZdkT5buYFi1WQaB0XNNtf",
        "images": [
          {
            "url": "https://i.scdn.co/image/ab67616d0000b2734d08fc99eff4ed52dfce91fa",
            "height": 640,
            "width": 640
          },
          {
            "url": "https://i.scdn.co/image/ab67616d00001e024d08fc99eff4ed52dfce91fa",
            "height": 300,
            "width": 300
          },
          {
            "url": "https://i.scdn.co/image/ab67616d000048514d08fc99eff4ed52dfce91fa",
            "height": 64,
            "width": 64
          }
        ],
        "is_playable": true,
        "name": "Super Trouper",
        "release_date": "1980",
        "release_date_precision": "year",
        "total_tracks": 12,
        "type": "album",
        "uri": "spotify:album:3ZdkT5buYFi1WQaB0XNNtf"
      },
      "artists": [
        {
          "external_urls": {
            "spotify": "https://open.spotify.com/artist/0LcJLqbBmaGUft1e9Mm8HV"
          },
          "href": "https://api.spotify.com/v1/artists/0LcJLqbBmaGUft1e9Mm8HV",
          "id": "0LcJLqbBmaGUft1e9Mm8HV",
          "name": "ABBA",
          "type": "artist",
          "uri": "spotify:artist:0LcJLqbBmaGUft1e9Mm8HV"
        }
      ],
      "disc_number": 1,
      "duration_ms": 294720,
      "explicit": false,
      "external_ids": {
        "isrc": "SEAYD8001020"
      },
      "external_urls": {
        "spotify": "https://open.spotify.com/track/3oEkrIfXfSh9zGnE7eBzSV"
      },
      "href": "https://api.spotify.com/v1/tracks/3oEkrIfXfSh9zGnE7eBzSV",
      "id": "3oEkrIfXfSh9zGnE7eBzSV",
      "is_local": false,
      "is_playable": true,
      "name": "The Winner Takes It All",
      "popularity": 73,
      "preview_url": null,
      "track_number": 2,
      "type": "track",
      "uri": "spotify:track:3oEkrIfXfSh9zGnE7eBzSV"
    },
    {
      "album": {
        "album_type": "album",
        "artists": [
          {
            "external_urls": {
              "spotify": "https://open.spotify.com/artist/0LcJLqbBmaGUft1e9Mm8HV"
            },
            "href": "https://api.spotify.com/v1/artists/0LcJLqbBmaGUft1e9Mm8HV",
            "id": "0LcJLqbBmaGUft1e9Mm8HV",
            "name": "ABBA",
            "type": "artist",
            "uri": "spotify:artist:0LcJLqbBmaGUft1e9Mm8HV"
          }
        ],
        "external_urls": {
          "spotify": "https://open.spotify.com/album/5gSBDA6ufk8UZejT4XR7av"
        },
        "href": "https://api.spotify.com/v1/albums/5gSBDA6ufk8UZejT4XR7av",
        "id": "5gSBDA6ufk8UZejT4XR7av",
        "images": [
          {
            "url": "https://i.scdn.co/image/ab67616d0000b27311c24dc7f5ef909381c0a7d6",
            "height": 640,
            "width": 640
          },
          {
            "url": "https://i.scdn.co/image/ab67616d00001e0211c24dc7f5ef909381c0a7d6",
            "height": 300,
            "width": 300
          },
          {
            "url": "https://i.scdn.co/image/ab67616d0000485111c24dc7f5ef909381c0a7d6",
            "height": 64,
            "width": 64
          }
        ],
        "is_playable": true,
        "name": "Waterloo",
        "release_date": "1974",
        "release_date_precision": "year",
        "total_tracks": 14,
        "type": "album",
        "uri": "spotify:album:5gSBDA6ufk8UZejT4XR7av"
      },
      "artists": [
        {
          "external_urls": {
            "spotify": "https://open.spotify.com/artist/0LcJLqbBmaGUft1e9Mm8HV"
          },
          "href": "https://api.spotify.com/v1/artists/0LcJLqbBmaGUft1e9Mm8HV",
          "id": "0LcJLqbBmaGUft1e9Mm8HV",
          "name": "ABBA",
          "type": "artist",
          "uri": "spotify:artist:0LcJLqbBmaGUft1e9Mm8HV"
        }
      ],
      "disc_number": 1,
      "duration_ms": 168960,
      "explicit": false,
      "external_ids": {
        "isrc": "SEAYD7415010"
      },
      "external_urls": {
        "spotify": "https://open.spotify.com/track/3Dy4REq8O09IlgiwuHQ3sk"
      },
      "href": "https://api.spotify.com/v1/tracks/3Dy4REq8O09IlgiwuHQ3sk",
      "id": "3Dy4REq8O09IlgiwuHQ3sk",
      "is_local": false,
      "is_playable": true,
      "name": "Waterloo",
      "popularity": 71,
      "preview_url": null,
      "track_number": 1,
      "type": "track",
      "uri": "spotify:track:3Dy4REq8O09IlgiwuHQ3sk"
    },
    {
      "album": {
        "album_type": "album",
        "artists": [
          {
            "external_urls": {
              "spotify": "https://open.spotify.com/artist/0LcJLqbBmaGUft1e9Mm8HV"
            },
            "href": "https://api.spotify.com/v1/artists/0LcJLqbBmaGUft1e9Mm8HV",
            "id": "0LcJLqbBmaGUft1e9Mm8HV",
            "name": "ABBA",
            "type": "artist",
            "uri": "spotify:artist:0LcJLqbBmaGUft1e9Mm8HV"
          }
        ],
        "external_urls": {
          "spotify": "https://open.spotify.com/album/1V6a99EbTTIegOhWoPxYI9"
        },
        "href": "https://api.spotify.com/v1/albums/1V6a99EbTTIegOhWoPxYI9",
        "id": "1V6a99EbTTIegOhWoPxYI9",
        "images": [
          {
            "url": "https://i.scdn.co/image/ab67616d0000b27370f7a1b35d5165c85b95a0e0",
            "height": 640,
            "width": 640
          },
          {
            "url": "https://i.scdn.co/image/ab67616d00001e0270f7a1b35d5165c85b95a0e0",
            "height": 300,
            "width": 300
          },
          {
            "url": "https://i.scdn.co/image/ab67616d0000485170f7a1b35d5165c85b95a0e0",
            "height": 64,
            "width": 64
          }
        ],
        "is_playable": true,
        "name": "Arrival",
        "release_date": "1976",
        "release_date_precision": "year",
        "total_tracks": 12,
        "type": "album",
        "uri": "spotify:album:1V6a99EbTTIegOhWoPxYI9"
      },
      "artists": [
        {
          "external_urls": {
            "spotify": "https://open.spotify.com/artist/0LcJLqbBmaGUft1e9Mm8HV"
          },
          "href": "https://api.spotify.com/v1/artists/0LcJLqbBmaGUft1e9Mm8HV",
          "id": "0LcJLqbBmaGUft1e9Mm8HV",
          "name": "ABBA",
          "type": "artist",
          "uri": "spotify:artist:0LcJLqbBmaGUft1e9Mm8HV"
        }
      ],
      "disc_number": 1,
      "duration_ms": 186426,
      "explicit": false,
      "external_ids": {
        "isrc": "SEAYD7601060"
      },
      "external_urls": {
        "spotify": "https://open.spotify.com/track/3lKN03PDeBnXZS7sDukRBt"
      },
      "href": "https://api.spotify.com/v1/tracks/3lKN03PDeBnXZS7sDukRBt",
      "id": "3lKN03PDeBnXZS7sDukRBt",
      "is_local": false,
      "is_playable": true,
      "name": "Money, Money, Money",
      "popularity": 69,
      "preview_url": null,
      "track_number": 6,
      "type": "track",
      "uri": "spotify:track:3lKN03PDeBnXZS7sDukRBt"
    },
    {
      "album": {
        "album_type": "album",
        "artists": [
          {
            "external_urls": {
              "spotify": "https://open.spotify.com/artist/0LcJLqbBmaGUft1e9Mm8HV"
            },
            "href": "https://api.spotify.com/v1/artists/0LcJLqbBmaGUft1e9Mm8HV",
            "id": "0LcJLqbBmaGUft1e9Mm8HV",
            "name": "ABBA",
            "type": "artist",
            "uri": "spotify:artist:0LcJLqbBmaGUft1e9Mm8HV"
          }
        ],
        "external_urls": {
          "spotify": "https://open.spotify.com/album/3ZdkT5buYFi1WQaB0XNNtf"
        },
        "href": "https://api.spotify.com/v1/albums/3ZdkT5buYFi1WQaB0XNNtf",
        "id": "3ZdkT5buYFi1WQaB0XNNtf",
        "images": [
          {
            "url": "https://i.scdn.co/image/ab67616d0000b2734d08fc99eff4ed52dfce91fa",
            "height": 640,
            "width": 640
          },
          {
            "url": "https://i.scdn.co/image/ab67616d00001e024d08fc99eff4ed52dfce91fa",
            "height": 300,
            "width": 300
          },
          {
            "url": "https://i.scdn.co/image/ab67616d000048514d08fc99eff4ed52dfce91fa",
            "height": 64,
            "width": 64
          }
        ],
        "is_playable": true,
        "name": "Super Trouper",
        "release_date": "1980",
        "release_date_precision": "year",
        "total_tracks": 12,
        "type": "album",
        "uri": "spotify:album:3ZdkT5buYFi1WQaB0XNNtf"
      },
      "artists": [
        {
          "external_urls": {
            "spotify": "https://open.spotify.com/artist/0LcJLqbBmaGUft1e9Mm8HV"
          },
          "href": "https://api.spotify.com/v1/artists/0LcJLqbBmaGUft1e9Mm8HV",
          "id": "0LcJLqbBmaGUft1e9Mm8HV",
          "name": "ABBA",
          "type": "artist",
          "uri": "spotify:artist:0LcJLqbBmaGUft1e9Mm8HV"
        }
      ],
      "disc_number": 1,
      "duration_ms": 252853,
      "explicit": false,
      "external_ids": {
        "isrc": "SEAYD8001010"
      },
      "external_urls": {
        "spotify": "https://open.spotify.com/track/0J2p4KYdr6Mg4ET6JPlbe1"
      },
      "href": "https://api.spotify.com/v1/tracks/0J2p4KYdr6Mg4ET6JPlbe1",
      "id": "0J2p4KYdr6Mg4ET6JPlbe1",
      "is_local": false,
      "is_playable": true,
      "name": "Super Trouper",
      "popularity": 71,
      "preview_url": null,
      "track_number": 1,
      "type": "track",
      "uri": "spotify:track:0J2p4KYdr6Mg4ET6JPlbe1"
    },
    {
      "album": {
        "album_type": "album",
        "artists": [
          {
            "external_urls": {
              "spotify": "https://open.spotify.com/artist/0LcJLqbBmaGUft1e9Mm8HV"
            },
            "href": "https://api.spotify.com/v1/artists/0LcJLqbBmaGUft1e9Mm8HV",
            "id": "0LcJLqbBmaGUft1e9Mm8HV",
            "name": "ABBA",
            "type": "artist",
            "uri": "spotify:artist:0LcJLqbBmaGUft1e9Mm8HV"
          }
        ],
        "external_urls": {
          "spotify": "https://open.spotify.com/album/7iLuHJkrb9KHPkMgddYigh"
        },
        "href": "https://api.spotify.com/v1/albums/7iLuHJkrb9KHPkMgddYigh",
        "id": "7iLuHJkrb9KHPkMgddYigh",
        "images": [
          {
            "url": "https://i.scdn.co/image/ab67616d0000b273aa22899360d8ba6704732dec",
            "height": 640,
            "width": 640
          },
          {
            "url": "https://i.scdn.co/image/ab67616d00001e02aa22899360d8ba6704732dec",
            "height": 300,
            "width": 300
          },
          {
            "url": "https://i.scdn.co/image/ab67616d00004851aa22899360d8ba6704732dec",
            "height": 64,
            "width": 64
          }
        ],
        "is_playable": true,
        "name": "Voulez-Vous",
        "release_date": "1979",
        "release_date_precision": "year",
        "total_tracks": 13,
        "type": "album",
        "uri": "spotify:album:7iLuHJkrb9KHPkMgddYigh"
      },
      "artists": [
        {
          "external_urls": {
            "spotify": "https://open.spotify.com/artist/0LcJLqbBmaGUft1e9Mm8HV"
          },
          "href": "https://api.spotify.com/v1/artists/0LcJLqbBmaGUft1e9Mm8HV",
          "id": "0LcJLqbBmaGUft1e9Mm8HV",
          "name": "ABBA",
          "type": "artist",
          "uri": "spotify:artist:0LcJLqbBmaGUft1e9Mm8HV"
        }
      ],
      "disc_number": 1,
      "duration_ms": 326320,
      "explicit": false,
      "external_ids": {
        "isrc": "SEAYD7901080"
      },
      "external_urls": {
        "spotify": "https://open.spotify.com/track/762B4bOcXF7I2Y8UlKTyTy"
      },
      "href": "https://api.spotify.com/v1/tracks/762B4bOcXF7I2Y8UlKTyTy",
      "id": "762B4bOcXF7I2Y8UlKTyTy",
      "is_local": false,
      "is_playable": true,
      "name": "Chiquitita",
      "popularity": 70,
      "preview_url": null,
      "track_number": 8,
      "type": "track",
      "uri": "spotify:track:762B4bOcXF7I2Y8UlKTyTy"
    }
  ]
}