{
  "tracks": [
    {
      "album": {
        "album_type": "album",
        "artists": [
          {
            "external_urls": {
              "spotify": "https://open.spotify.com/artist/7dGJo4pcD2V6oG8kP0tJRR"
            },
            "href": "https://api.spotify.com/v1/artists/7dGJo4pcD2V6oG8kP0tJRR",
            "id": "7dGJo4pcD2V6oG8kP0tJRR",
            "name": "Eminem",
            "type": "artist",
            "uri": "spotify:artist:7dGJo4pcD2V6oG8kP0tJRR"
          }
        ],
        "external_urls": {
          "spotify": "https://open.spotify.com/album/2cWBwpqMsDJC1ZUwz813lo"
        },
        "href": "https://api.spotify.com/v1/albums/2cWBwpqMsDJC1ZUwz813lo",
        "id": "2cWBwpqMsDJC1ZUwz813lo",
        "images": [
          {
            "url": "https://i.scdn.co/image/ab67616d0000b2736ca5c90113b30c3c43ffb8f4",
            "height": 640,
            "width": 640
          },
          {
            "url": "https://i.scdn.co/image/ab67616d00001e026ca5c90113b30c3c43ffb8f4",
            "height": 300,
            "width": 300
          },
          {
            "url": "https://i.scdn.co/image/ab67616d000048516ca5c90113b30c3c43ffb8f4",
            "height": 64,
            "width": 64
          }
        ],
        "is_playable": true,
        "name": "The Eminem Show",
        "release_date": "2002-05-26",
        "release_date_precision": "day",
        "total_tracks": 20,
        "type": "album",
        "uri": "spotify:album:2cWBwpqMsDJC1ZUwz813lo"
      },
      "artists": [
        {
          "external_urls": {
            "spotify": "https://open.spotify.com/artist/7dGJo4pcD2V6oG8kP0tJRR"
          },
          "href": "https://api.spotify.com/v1/artists/7dGJo4pcD2V6oG8kP0tJRR",
          "id": "7dGJo4pcD2V6oG8kP0tJRR",
          "name": "Eminem",
          "type": "artist",
          "uri": "spotify:artist:7dGJo4pcD2V6oG8kP0tJRR"
        }
      ],
      "disc_number": 1,
      "duration_ms": 290320,
      "explicit": true,
      "external_ids": {
        "isrc": "USIR10211038"
      },
      "external_urls": {
        "spotify": "https://open.spotify.com/track/7lQ8MOhq6IN2w8EYcFNSUk"
      },
      "href": "https://api.spotify.com/v1/tracks/7lQ8MOhq6IN2w8EYcFNSUk",
      "id": "7lQ8MOhq6IN2w8EYcFNSUk",
      "is_local": false,
      "is_playable": true,
      "name": "Without Me",
      "popularity": 86,
      "preview_url": null,
      "track_number": 10,
      "type": "track",
      "uri": "spotify:track:7lQ8MOhq6IN2w8EYcFNSUk"
    },
    {
      "album": {
        "album_type": "album",
        "artists": [
          {
            "external_urls": {
              "spotify": "https://open.spotify.com/artist/7dGJo4pcD2V6oG8kP0tJRR"
            },
            "href": "https://api.spotify.com/v1/artists/7dGJo4pcD2V6oG8kP0tJRR",
            "id": "7dGJo4pcD2V6oG8kP0tJRR",
            "name": "Eminem",
            "type": "artist",
            "uri": "spotify:artist:7dGJo4pcD2V6oG8kP0tJRR"
          }
        ],
        "external_urls": {
          "spotify": "https://open.spotify.com/album/1kTlYbs28MXw7hwO0NLYif"
        },
        "href": "https://api.spotify.com/v1/albums/1kTlYbs28MXw7hwO0NLYif",
        "id": "1kTlYbs28MXw7hwO0NLYif",
        "images": [
          {
            "url": "https://i.scdn.co/image/ab67616d0000b273726d48d93d02e1271774f023",
            "height": 640,
            "width": 640
          },
          {
            "url": "https://i.scdn.co/image/ab67616d00001e02726d48d93d02e1271774f023",
            "height": 300,
            "width": 300
          },
          {
            "url": "https://i.scdn.co/image/ab67616d00004851726d48d93d02e1271774f023",
            "height": 64,
            "width": 64
          }
        ],
        "is_playable": true,
        "name": "Encore (Deluxe Version)",
        "release_date": "2004-11-12",
        "release_date_precision": "day",
        "total_tracks": 23,
        "type": "album",
        "uri": "spotify:album:1kTlYbs28MXw7hwO0NLYif"
      },
      "artists": [
        {
          "external_urls": {
            "spotify": "https://open.spotify.com/artist/7dGJo4pcD2V6oG8kP0tJRR"
          },
          "href": "https://api.spotify.com/v1/artists/7dGJo4pcD2V6oG8kP0tJRR",
          "id": "7dGJo4pcD2V6oG8kP0tJRR",
          "name": "Eminem",
          "type": "artist",
          "uri": "spotify:artist:7dGJo4pcD2V6oG8kP0tJRR"
        }
      ],
      "disc_number": 1,
      "duration_ms": 250760,
      "explicit": true,
      "external_ids": {
        "isrc": "USIR10400813"
      },
      "external_urls": {
        "spotify": "https://open.spotify.com/track/561jH07mF1jHuk7KlaeF0s"
      },
      "href": "https://api.spotify.com/v1/tracks/561jH07mF1jHuk7KlaeF0s",
      "id": "561jH07mF1jHuk7KlaeF0s",
      "is_local": false,
      "is_playable": true,
      "name": "Mockingbird",
      "popularity": 85,
      "preview_url": null,
      "track_number": 16,
      "type": "track",
      "uri": "spotify:track:561jH07mF1jHuk7KlaeF0s"
    },
    {
      "album": {
        "album_type": "album",
        "artists": [
          {
            "external_urls": {
              "spotify": "https://open.spotify.com/artist/7dGJo4pcD2V6oG8kP0tJRR"
            },
            "href": "https://api.spotify.com/v1/artists/7dGJo4pcD2V6oG8kP0tJRR",
            "id": "7dGJo4pcD2V6oG8kP0tJRR",
            "name": "Eminem",
            "type": "artist",
            "uri": "spotify:artist:7dGJo4pcD2V6oG8kP0tJRR"
          }
        ],
        "external_urls": {
          "spotify": "https://open.spotify.com/album/3kjHLu1pL7tdY88GFwEkl6"
        },
        "href": "https://api.spotify.com/v1/albums/3kjHLu1pL7tdY88GFwEkl6",
        "id": "3kjHLu1pL7tdY88GFwEkl6",
        "images": [
          {
            "url": "https://i.scdn.co/image/ab67616d0000b2731633c43b5695735f7de36487",
            "height": 640,
            "width": 640
          },
          {
            "url": "https://i.scdn.co/image/ab67616d00001e021633c43b5695735f7de36487",
            "height": 300,
            "width": 300
          },
          {
            "url": "https://i.scdn.co/image/ab67616d000048511633c43b5695735f7de36487",
            "height": 64,
            "width": 64
          }
        ],
        "is_playable": true,
        "name": "The Death of Slim Shady (Coup De Grâce)",
        "release_date": "2024-07-12",
        "release_date_precision": "day",
        "total_tracks": 19,
        "type": "album",
        "uri": "spotify:album:3kjHLu1pL7tdY88GFwEkl6"
      },
      "artists": [
        {
          "external_urls": {
            "spotify": "https://open.spotify.com/artist/7dGJo4pcD2V6oG8kP0tJRR"
          },
          "href": "https://api.spotify.com/v1/artists/7dGJo4pcD2V6oG8kP0tJRR",
          "id": "7dGJo4pcD2V6oG8kP0tJRR",
          "name": "Eminem",
          "type": "artist",
          "uri": "spotify:artist:7dGJo4pcD2V6oG8kP0tJRR"
        }
      ],
      "disc_number": 1,
      "duration_ms": 227032,
      "explicit": true,
      "external_ids": {
        "isrc": "USUG12403398"
      },
      "external_urls": {
        "spotify": "https://open.spotify.com/track/1CDQzbCz4KSQxHe7LMEgRM"
      },
      "href": "https://api.spotify.com/v1/tracks/1CDQzbCz4KSQxHe7LMEgRM",
      "id": "1CDQzbCz4KSQxHe7LMEgRM",
      "is_local": false,
      "is_playable": true,
      "name": "Houdini",
      "popularity": 78,
      "preview_url": null,
      "track_number": 11,
      "type": "track",
      "uri": "spotify:track:1CDQzbCz4KSQxHe7LMEgRM"
    },
    {
      "album": {
        "album_type": "album",
        "artists": [
          {
            "external_urls": {
              "spotify": "https://open.spotify.com/artist/7dGJo4pcD2V6oG8kP0tJRR"
            },
            "href": "https://api.spotify.com/v1/artists/7dGJo4pcD2V6oG8kP0tJRR",
            "id": "7dGJo4pcD2V6oG8kP0tJRR",
            "name": "Eminem",
            "type": "artist",
            "uri": "spotify:artist:7dGJo4pcD2V6oG8kP0tJRR"
          }
        ],
        "external_urls": {
          "spotify": "https://open.spotify.com/album/6t7956yu5zYf5A829XRiHC"
        },
        "href": "https://api.spotify.com/v1/albums/6t7956yu5zYf5A829XRiHC",
        "id": "6t7956yu5zYf5A829XRiHC",
        "images": [
          {
            "url": "https://i.scdn.co/image/ab67616d0000b273dbb3dd82da45b7d7f31b1b42",
            "height": 640,
            "width": 640
          },
          {
            "url": "https://i.scdn.co/image/ab67616d00001e02dbb3dd82da45b7d7f31b1b42",
            "height": 300,
            "width": 300
          },
          {
            "url": "https://i.scdn.co/image/ab67616d00004851dbb3dd82da45b7d7f31b1b42",
            "height": 64,
            "width": 64
          }
        ],
        "is_playable": true,
        "name": "The Marshall Mathers LP",
        "release_date": "2000-05-23",
        "release_date_precision": "day",
        "total_tracks": 18,
        "type": "album",
        "uri": "spotify:album:6t7956yu5zYf5A829XRiHC"
      },
      "artists": [
        {
          "external_urls": {
            "spotify": "https://open.spotify.com/artist/7dGJo4pcD2V6oG8kP0tJRR"
          },
          "href": "https://api.spotify.com/v1/artists/7dGJo4pcD2V6oG8kP0tJRR",
          "id": "7dGJo4pcD2V6oG8kP0tJRR",
          "name": "Eminem",
          "type": "artist",
          "uri": "spotify:artist:7dGJo4pcD2V6oG8kP0tJRR"
        }
      ],
      "disc_number": 1,
      "duration_ms": 284200,
      "explicit": true,
      "external_ids": {
        "isrc": "USIR10000448"
      },
      "external_urls": {
        "spotify": "https://open.spotify.com/track/3yfqSUWxFvZELEM4PmlwIR"
      },
      "href": "https://api.spotify.com/v1/tracks/3yfqSUWxFvZELEM4PmlwIR",
      "id": "3yfqSUWxFvZELEM4PmlwIR",
      "is_local": false,
      "is_playable": true,
      "name": "The Real Slim Shady",
      "popularity": 85,
      "preview_url": null,
      "track_number": 8,
      "type": "track",
      "uri": "spotify:track:3yfqSUWxFvZELEM4PmlwIR"
    },
    {
      "album": {
        "album_type": "single",
        "artists": [
          {
            "external_urls": {
              "spotify": "https://open.spotify.com/artist/7dGJo4pcD2V6oG8kP0tJRR"
            },
            "href": "https://api.spotify.com/v1/artists/7dGJo4pcD2V6oG8kP0tJRR",
            "id": "7dGJo4pcD2V6oG8kP0tJRR",
            "name": "Eminem",
            "type": "artist",
            "uri": "spotify:artist:7dGJo4pcD2V6oG8kP0tJRR"
          }
        ],
        "external_urls": {
          "spotify": "https://open.spotify.com/album/1rfORa9iYmocEsnnZGMVC4"
        },
        "href": "https://api.spotify.com/v1/albums/1rfORa9iYmocEsnnZGMVC4",
        "id": "1rfORa9iYmocEsnnZGMVC4",
        "images": [
          {
            "url": "https://i.scdn.co/image/ab67616d0000b273b6ef2ebd34efb08cb76f6eec",
            "height": 640,
            "width": 640
          },
          {
            "url": "https://i.scdn.co/image/ab67616d00001e02b6ef2ebd34efb08cb76f6eec",
            "height": 300,
            "width": 300
          },
          {
            "url": "https://i.scdn.co/image/ab67616d00004851b6ef2ebd34efb08cb76f6eec",
            "height": 64,
            "width": 64
          }
        ],
        "is_playable": true,
        "name": "Just Lose It",
        "release_date": "2004-01-01",
        "release_date_precision": "day",
        "total_tracks": 2,
        "type": "album",
        "uri": "spotify:album:1rfORa9iYmocEsnnZGMVC4"
      },
      "artists": [
        {
          "external_urls": {
            "spotify": "https://open.spotify.com/artist/7dGJo4pcD2V6oG8kP0tJRR"
          },
          "href": "https://api.spotify.com/v1/artists/7dGJo4pcD2V6oG8kP0tJRR",
          "id": "7dGJo4pcD2V6oG8kP0tJRR",
          "name": "Eminem",
          "type": "artist",
          "uri": "spotify:artist:7dGJo4pcD2V6oG8kP0tJRR"
        }
      ],
      "disc_number": 1,
      "duration_ms": 322226,
      "explicit": true,
      "external_ids": {
        "isrc": "USIR10211559"
      },
      "external_urls": {
        "spotify": "https://open.spotify.com/track/1v7L65Lzy0j0vdpRjJewt1"
      },
      "href": "https://api.spotify.com/v1/tracks/1v7L65Lzy0j0vdpRjJewt1",
      "id": "1v7L65Lzy0j0vdpRjJewt1",
      "is_local": false,
      "is_playable": true,
      "name": "Lose Yourself",
      "popularity": 79,
      "preview_url": null,
      "track_number": 2,
      "type": "track",
      "uri": "spotify:track:1v7L65Lzy0j0vdpRjJewt1"
    },
    {
      "album": {
        "album_type": "album",
        "artists": [
          {
            "external_urls": {
              "spotify": "https://open.spotify.com/artist/7dGJo4pcD2V6oG8kP0tJRR"
            },
            "href": "https://api.spotify.com/v1/artists/7dGJo4pcD2V6oG8kP0tJRR",
            "id": "7dGJo4pcD2V6oG8kP0tJRR",
            "name": "Eminem",
            "type": "artist",
            "uri": "spotify:artist:7dGJo4pcD2V6oG8kP0tJRR"
          }
        ],
        "external_urls": {
          "spotify": "https://open.spotify.com/album/47BiFcV59TQi2s9SkBo2pb"
        },
        "href": "https://api.spotify.com/v1/albums/47BiFcV59TQi2s9SkBo2pb",
        "id": "47BiFcV59TQi2s9SkBo2pb",
        "images": [
          {
            "url": "https://i.scdn.co/image/ab67616d0000b273c08d5fa5c0f1a834acef5100",
            "height": 640,
            "width": 640
          },
          {
            "url": "https://i.scdn.co/image/ab67616d00001e02c08d5fa5c0f1a834acef5100",
            "height": 300,
            "width": 300
          },
          {
            "url": "https://i.scdn.co/image/ab67616d00004851c08d5fa5c0f1a834acef5100",
            "height": 64,
            "width": 64
          }
        ],
        "is_playable": true,
        "name": "Recovery",
        "release_date": "2010-06-18",
        "release_date_precision": "day",
        "total_tracks": 17,
        "type": "album",
        "uri": "spotify:album:47BiFcV59TQi2s9SkBo2pb"
      },
      "artists": [
        {
          "external_urls": {
            "spotify": "https://open.spotify.com/artist/7dGJo4pcD2V6oG8kP0tJRR"
          },
          "href": "https://api.spotify.com/v1/artists/7dGJo4pcD2V6oG8kP0tJRR",
          "id": "7dGJo4pcD2V6oG8kP0tJRR",
          "name": "Eminem",
          "type": "artist",
          "uri": "spotify:artist:7dGJo4pcD2V6oG8kP0tJRR"
        },
        {
          "external_urls": {
            "spotify": "https://open.spotify.com/artist/5pKCCKE2ajJHZ9KAiaK11H"
          },
          "href": "https://api.spotify.com/v1/artists/5pKCCKE2ajJHZ9KAiaK11H",
          "id": "5pKCCKE2ajJHZ9KAiaK11H",
          "name": "Rihanna",
          "type": "artist",
          "uri": "spotify:artist:5pKCCKE2ajJHZ9KAiaK11H"
        }
      ],
      "disc_number": 1,
      "duration_ms": 263373,
      "explicit": true,
      "external_ids": {
        "isrc": "USUM71015397"
      },
      "external_urls": {
        "spotify": "https://open.spotify.com/track/15JINEqzVMv3SvJTAXAKED"
      },
      "href": "https://api.spotify.com/v1/tracks/15JINEqzVMv3SvJTAXAKED",
      "id": "15JINEqzVMv3SvJTAXAKED",
      "is_local": false,
      "is_playable": true,
      "name": "Love The Way You Lie",
      "popularity": 83,
      "preview_url": null,
      "track_number": 15,
      "type": "track",
      "uri": "spotify:track:15JINEqzVMv3SvJTAXAKED"
    },
    {
      "album": {
        "album_type": "album",
        "artists": [
          {
            "external_urls": {
              "spotify": "https://open.spotify.com/artist/7dGJo4pcD2V6oG8kP0tJRR"
            },
            "href": "https://api.spotify.com/v1/artists/7dGJo4pcD2V6oG8kP0tJRR",
            "id": "7dGJo4pcD2V6oG8kP0tJRR",
            "name": "Eminem",
            "type": "artist",
            "uri": "spotify:artist:7dGJo4pcD2V6oG8kP0tJRR"
          }
        ],
        "external_urls": {
          "spotify": "https://open.spotify.com/album/2cWBwpqMsDJC1ZUwz813lo"
        },
        "href": "https://api.spotify.com/v1/albums/2cWBwpqMsDJC1ZUwz813lo",
        "id": "2cWBwpqMsDJC1ZUwz813lo",
        "images": [
          {
            "url": "https://i.scdn.co/image/ab67616d0000b2736ca5c90113b30c3c43ffb8f4",
            "height": 640,
            "width": 640
          },
          {
            "url": "https://i.scdn.co/image/ab67616d00001e026ca5c90113b30c3c43ffb8f4",
            "height": 300,
            "width": 300
          },
          {
            "url": "https://i.scdn.co/image/ab67616d000048516ca5c90113b30c3c43ffb8f4",
            "height": 64,
            "width": 64
          }
        ],
        "is_playable": true,
        "name": "The Eminem Show",
        "release_date": "2002-05-26",
        "release_date_precision": "day",
        "total_tracks": 20,
        "type": "album",
        "uri": "spotify:album:2cWBwpqMsDJC1ZUwz813lo"
      },
      "artists": [
        {
          "external_urls": {
            "spotify": "https://open.spotify.com/artist/7dGJo4pcD2V6oG8kP0tJRR"
          },
          "href": "https://api.spotify.com/v1/artists/7dGJo4pcD2V6oG8kP0tJRR",
          "id": "7dGJo4pcD2V6oG8kP0tJRR",
          "name": "Eminem",
          "type": "artist",
          "uri": "spotify:artist:7dGJo4pcD2V6oG8kP0tJRR"
        },
        {
          "external_urls": {
            "spotify": "https://open.spotify.com/artist/1Oa0bMld0A3u5OTYfMzp5h"
          },
          "href": "https://api.spotify.com/v1/artists/1Oa0bMld0A3u5OTYfMzp5h",
          "id": "1Oa0bMld0A3u5OTYfMzp5h",
          "name": "Nate Dogg",
          "type": "artist",
          "uri": "spotify:artist:1Oa0bMld0A3u5OTYfMzp5h"
        }
      ],
      "disc_number": 1,
      "duration_ms": 297786,
      "explicit": true,
      "external_ids": {
        "isrc": "USIR10211066"
      },
      "external_urls": {
        "spotify": "https://open.spotify.com/track/4xkOaSrkexMciUUogZKVTS"
      },
      "href": "https://api.spotify.com/v1/tracks/4xkOaSrkexMciUUogZKVTS",
      "id": "4xkOaSrkexMciUUogZKVTS",
      "is_local": false,
      "is_playable": true,
      "name": "Till I Collapse",
      "popularity": 82,
      "preview_url": null,
      "track_number": 18,
      "type": "track",
      "uri": "spotify:track:4xkOaSrkexMciUUogZKVTS"
    },
    {
      "album": {
        "album_type": "album",
        "artists": [
          {
            "external_urls": {
              "spotify": "https://open.spotify.com/artist/7dGJo4pcD2V6oG8kP0tJRR"
            },
            "href": "https://api.spotify.com/v1/artists/7dGJo4pcD2V6oG8kP0tJRR",
            "id": "7dGJo4pcD2V6oG8kP0tJRR",
            "name": "Eminem",
            "type": "artist",
            "uri": "spotify:artist:7dGJo4pcD2V6oG8kP0tJRR"
          }
        ],
        "external_urls": {
          "spotify": "https://open.spotify.com/album/4otkd9As6YaxxEkIjXPiZ6"
        },
        "href": "https://api.spotify.com/v1/albums/4otkd9As6YaxxEkIjXPiZ6",
        "id": "4otkd9As6YaxxEkIjXPiZ6",
        "images": [
          {
            "url": "https://i.scdn.co/image/ab67616d0000b2732f44aec83b20e40f3baef73c",
            "height": 640,
            "width": 640
          },
          {
            "url": "https://i.scdn.co/image/ab67616d00001e022f44aec83b20e40f3baef73c",
            "height": 300,
            "width": 300
          },
          {
            "url": "https://i.scdn.co/image/ab67616d000048512f44aec83b20e40f3baef73c",
            "height": 64,
            "width": 64
          }
        ],
        "is_playable": true,
        "name": "Music To Be Murdered By",
        "release_date": "2020-01-17",
        "release_date_precision": "day",
        "total_tracks": 20,
        "type": "album",
        "uri": "spotify:album:4otkd9As6YaxxEkIjXPiZ6"
      },
      "artists": [
        {
          "external_urls": {
            "spotify": "https://open.spotify.com/artist/7dGJo4pcD2V6oG8kP0tJRR"
          },
          "href": "https://api.spotify.com/v1/artists/7dGJo4pcD2V6oG8kP0tJRR",
          "id": "7dGJo4pcD2V6oG8kP0tJRR",
          "name": "Eminem",
          "type": "artist",
          "uri": "spotify:artist:7dGJo4pcD2V6oG8kP0tJRR"
        },
        {
          "external_urls": {
            "spotify": "https://open.spotify.com/artist/4MCBfE4596Uoi2O4DtmEMz"
          },
          "href": "https://api.spotify.com/v1/artists/4MCBfE4596Uoi2O4DtmEMz",
          "id": "4MCBfE4596Uoi2O4DtmEMz",
          "name": "Juice WRLD",
          "type": "artist",
          "uri": "spotify:artist:4MCBfE4596Uoi2O4DtmEMz"
        }
      ],
      "disc_number": 1,
      "duration_ms": 210800,
      "explicit": true,
      "external_ids": {
        "isrc": "USUM72000788"
      },
      "external_urls": {
        "spotify": "https://open.spotify.com/track/7FIWs0pqAYbP91WWM0vlTQ"
      },
      "href": "https://api.spotify.com/v1/tracks/7FIWs0pqAYbP91WWM0vlTQ",
      "id": "7FIWs0pqAYbP91WWM0vlTQ",
      "is_local": false,
      "is_playable": true,
      "name": "Godzilla (feat. Juice WRLD)",
      "popularity": 82,
      "preview_url": null,
      "track_number": 7,
      "type": "track",
      "uri": "spotify:track:7FIWs0pqAYbP91WWM0vlTQ"
    },
    {
      "album": {
        "album_type": "album",
        "artists": [
          {
            "external_urls": {
              "spotify": "https://open.spotify.com/artist/7dGJo4pcD2V6oG8kP0tJRR"
            },
            "href": "https://api.spotify.com/v1/artists/7dGJo4pcD2V6oG8kP0tJRR",
            "id": "7dGJo4pcD2V6oG8kP0tJRR",
            "name": "Eminem",
            "type": "artist",
            "uri": "spotify:artist:7dGJo4pcD2V6oG8kP0tJRR"
          }
        ],
        "external_urls": {
          "spotify": "https://open.spotify.com/album/2cWBwpqMsDJC1ZUwz813lo"
        },
        "href": "https://api.spotify.com/v1/albums/2cWBwpqMsDJC1ZUwz813lo",
        "id": "2cWBwpqMsDJC1ZUwz813lo",
        "images": [
          {
            "url": "https://i.scdn.co/image/ab67616d0000b2736ca5c90113b30c3c43ffb8f4",
            "height": 640,
            "width": 640
          },
          {
            "url": "https://i.scdn.co/image/ab67616d00001e026ca5c90113b30c3c43ffb8f4",
            "height": 300,
            "width": 300
          },
          {
            "url": "https://i.scdn.co/image/ab67616d000048516ca5c90113b30c3c43ffb8f4",
            "height": 64,
            "width": 64
          }
        ],
        "is_playable": true,
        "name": "The Eminem Show",
        "release_date": "2002-05-26",
        "release_date_precision": "day",
        "total_tracks": 20,
        "type": "album",
        "uri": "spotify:album:2cWBwpqMsDJC1ZUwz813lo"
      },
      "artists": [
        {
          "external_urls": {
            "spotify": "https://open.spotify.com/artist/7dGJo4pcD2V6oG8kP0tJRR"
          },
          "href": "https://api.spotify.com/v1/artists/7dGJo4pcD2V6oG8kP0tJRR",
          "id": "7dGJo4pcD2V6oG8kP0tJRR",
          "name": "Eminem",
          "type": "artist",
          "uri": "spotify:artist:7dGJo4pcD2V6oG8kP0tJRR"
        },
        {
          "external_urls": {
            "spotify": "https://open.spotify.com/artist/5jNmxPYz8QE5rYp4GDil8t"
          },
          "href": "https://api.spotify.com/v1/artists/5jNmxPYz8QE5rYp4GDil8t",
          "id": "5jNmxPYz8QE5rYp4GDil8t",
          "name": "Dina Rae",
          "type": "artist",
          "uri": "spotify:artist:5jNmxPYz8QE5rYp4GDil8t"
        }
      ],
      "disc_number": 1,
      "duration_ms": 350320,
      "explicit": true,
      "external_ids": {
        "isrc": "USIR10211062"
      },
      "external_urls": {
        "spotify": "https://open.spotify.com/track/4woTEX1wYOTGDqNXuavlRC"
      },
      "href": "https://api.spotify.com/v1/tracks/4woTEX1wYOTGDqNXuavlRC",
      "id": "4woTEX1wYOTGDqNXuavlRC",
      "is_local": false,
      "is_playable": true,
      "name": "Superman",
      "popularity": 81,
      "preview_url": null,
      "track_number": 13,
      "type": "track",
      "uri": "spotify:track:4woTEX1wYOTGDqNXuavlRC"
    },
    {
      "album": {
        "album_type": "album",
        "artists": [
          {
            "external_urls": {
              "spotify": "https://open.spotify.com/artist/7dGJo4pcD2V6oG8kP0tJRR"
            },
            "href": "https://api.spotify.com/v1/artists/7dGJo4pcD2V6oG8kP0tJRR",
            "id": "7dGJo4pcD2V6oG8kP0tJRR",
            "name": "Eminem",
            "type": "artist",
            "uri": "spotify:artist:7dGJo4pcD2V6oG8kP0tJRR"
          }
        ],
        "external_urls": {
          "spotify": "https://open.spotify.com/album/6t7956yu5zYf5A829XRiHC"
        },
        "href": "https://api.spotify.com/v1/albums/6t7956yu5zYf5A829XRiHC",
        "id": "6t7956yu5zYf5A829XRiHC",
        "images": [
          {
            "url": "https://i.scdn.co/image/ab67616d0000b273dbb3dd82da45b7d7f31b1b42",
            "height": 640,
            "width": 640
          },
          {
            "url": "https://i.scdn.co/image/ab67616d00001e02dbb3dd82da45b7d7f31b1b42",
            "height": 300,
            "width": 300
          },
          {
            "url": "https://i.scdn.co/image/ab67616d00004851dbb3dd82da45b7d7f31b1b42",
            "height": 64,
            "width": 64
          }
        ],
        "is_playable": true,
        "name": "The Marshall Mathers LP",
        "release_date": "2000-05-23",
        "release_date_precision": "day",
        "total_tracks": 18,
        "type": "album",
        "uri": "spotify:album:6t7956yu5zYf5A829XRiHC"
      },
      "artists": [
        {
          "external_urls": {
            "spotify": "https://open.spotify.com/artist/7dGJo4pcD2V6oG8kP0tJRR"
          },
          "href": "https://api.spotify.com/v1/artists/7dGJo4pcD2V6oG8kP0tJRR",
          "id": "7dGJo4pcD2V6oG8kP0tJRR",
          "name": "Eminem",
          "type": "artist",
          "uri": "spotify:artist:7dGJo4pcD2V6oG8kP0tJRR"
        },
        {
          "external_urls": {
            "spotify": "https://open.spotify.com/artist/2mpeljBig2IXLXRAFO9AAs"
          },
          "href": "https://api.spotify.com/v1/artists/2mpeljBig2IXLXRAFO9AAs",
          "id": "2mpeljBig2IXLXRAFO9AAs",
          "name": "Dido",
          "type": "artist",
          "uri": "spotify:artist:2mpeljBig2IXLXRAFO9AAs"
        }
      ],
      "disc_number": 1,
      "duration_ms": 404106,
      "explicit": true,
      "external_ids": {
        "isrc": "USIR10001280"
      },
      "external_urls": {
        "spotify": "https://open.spotify.com/track/3UmaczJpikHgJFyBTAJVoz"
      },
      "href": "https://api.spotify.com/v1/tracks/3UmaczJpikHgJFyBTAJVoz",
      "id": "3UmaczJpikHgJFyBTAJVoz",
      "is_local": false,
      "is_playable": true,
      "name": "Stan",
      "popularity": 79,
      "preview_url": null,
      "track_number": 3,
      "type": "track",
      "uri": "spotify:track:3UmaczJpikHgJFyBTAJVoz"
    }
  ]
}