{
  "tracks": [
    {
      "album": {
        "album_type": "album",
        "artists": [
          {
            "external_urls": {
              "spotify": "https://open.spotify.com/artist/1Mxqyy3pSjf8kZZL4QVxS0"
            },
            "href": "https://api.spotify.com/v1/artists/1Mxqyy3pSjf8kZZL4QVxS0",
            "id": "1Mxqyy3pSjf8kZZL4QVxS0",
            "name": "Frank Sinatra",
            "type": "artist",
            "uri": "spotify:artist:1Mxqyy3pSjf8kZZL4QVxS0"
          }
        ],
        "external_urls": {
          "spotify": "https://open.spotify.com/album/6JoQfgiN1SQAPBlATJq9cL"
        },
        "href": "https://api.spotify.com/v1/albums/6JoQfgiN1SQAPBlATJq9cL",
        "id": "6JoQfgiN1SQAPBlATJq9cL",
        "images": [
          {
            "url": "https://i.scdn.co/image/ab67616d0000b273b173071a3fbc4a39e5d4fcc5",
            "height": 640,
            "width": 640
          },
          {
            "url": "https://i.scdn.co/image/ab67616d00001e02b173071a3fbc4a39e5d4fcc5",
            "height": 300,
            "width": 300
          },
          {
            "url": "https://i.scdn.co/image/ab67616d00004851b173071a3fbc4a39e5d4fcc5",
            "height": 64,
            "width": 64
          }
        ],
        "is_playable": true,
        "name": "Classic Songs",
        "release_date": "2021-08-02",
        "release_date_precision": "day",
        "total_tracks": 20,
        "type": "album",
        "uri": "spotify:album:6JoQfgiN1SQAPBlATJq9cL"
      },
      "artists": [
        {
          "external_urls": {
            "spotify": "https://open.spotify.com/artist/1Mxqyy3pSjf8kZZL4QVxS0"
          },
          "href": "https://api.spotify.com/v1/artists/1Mxqyy3pSjf8kZZL4QVxS0",
          "id": "1Mxqyy3pSjf8kZZL4QVxS0",
          "name": "Frank Sinatra",
          "type": "artist",
          "uri": "spotify:artist:1Mxqyy3pSjf8kZZL4QVxS0"
        }
      ],
      "disc_number": 1,
      "duration_ms": 157492,
      "explicit": false,
      "external_ids": {
        "isrc": "GBHQC0583734"
      },
      "external_urls": {
        "spotify": "https://open.spotify.com/track/3ra4PQCtSVULClEqj2XXf7"
      },
      "href": "https://api.spotify.com/v1/tracks/3ra4PQCtSVULClEqj2XXf7",
      "id": "3ra4PQCtSVULClEqj2XXf7",
      "is_local": false,
      "is_playable": true,
      "name": "Let It Snow! Let It Snow! Let It Snow!",
      "popularity": 69,
      "preview_url": null,
      "track_number": 6,
      "type": "track",
      "uri": "spotify:track:3ra4PQCtSVULClEqj2XXf7"
    },
    {
      "album": {
        "album_type": "album",
        "artists": [
          {
            "external_urls": {
              "spotify": "https://open.spotify.com/artist/1Mxqyy3pSjf8kZZL4QVxS0"
            },
            "href": "https://api.spotify.com/v1/artists/1Mxqyy3pSjf8kZZL4QVxS0",
            "id": "1Mxqyy3pSjf8kZZL4QVxS0",
            "name": "Frank Sinatra",
            "type": "artist",
            "uri": "spotify:artist:1Mxqyy3pSjf8kZZL4QVxS0"
          }
        ],
        "external_urls": {
          "spotify": "https://open.spotify.com/album/67Evm6gPc9wFSUf1aXOrKO"
        },
        "href": "https://api.spotify.com/v1/albums/67Evm6gPc9wFSUf1aXOrKO",
        "id": "67Evm6gPc9wFSUf1aXOrKO",
        "images": [
          {
            "url": "https://i.scdn.co/image/ab67616d0000b2733e2331ff09f59ea3c87fe5d6",
            "height": 640,
            "width": 640
          },
          {
            "url": "https://i.scdn.co/image/ab67616d00001e023e2331ff09f59ea3c87fe5d6",
            "height": 300,
            "width": 300
          },
          {
            "url": "https://i.scdn.co/image/ab67616d000048513e2331ff09f59ea3c87fe5d6",
            "height": 64,
            "width": 64
          }
        ],
        "is_playable": true,
        "name": "The World We Knew",
        "release_date": "1967-08",
        "release_date_precision": "month",
        "total_tracks": 10,
        "type": "album",
        "uri": "spotify:album:67Evm6gPc9wFSUf1aXOrKO"
      },
      "artists": [
        {
          "external_urls": {
            "spotify": "https://open.spotify.com/artist/1Mxqyy3pSjf8kZZL4QVxS0"
          },
          "href": "https://api.spotify.com/v1/artists/1Mxqyy3pSjf8kZZL4QVxS0",
          "id": "1Mxqyy3pSjf8kZZL4QVxS0",
          "name": "Frank Sinatra",
          "type": "artist",
          "uri": "spotify:artist:1Mxqyy3pSjf8kZZL4QVxS0"
        },
        {
          "external_urls": {
            "spotify": "https://open.spotify.com/artist/3IZrrNonYELubLPJmqOci2"
          },
          "href": "https://api.spotify.com/v1/artists/3IZrrNonYELubLPJmqOci2",
          "id": "3IZrrNonYELubLPJmqOci2",
          "name": "Nancy Sinatra",
          "type": "artist",
          "uri": "spotify:artist:3IZrrNonYELubLPJmqOci2"
        }
      ],
      "disc_number": 1,
      "duration_ms": 162493,
      "explicit": false,
      "external_ids": {
        "isrc": "USRH10800988"
      },
      "external_urls": {
        "spotify": "https://open.spotify.com/track/4feXcsElKIVsGwkbnTHAfV"
      },
      "href": "https://api.spotify.com/v1/tracks/4feXcsElKIVsGwkbnTHAfV",
      "id": "4feXcsElKIVsGwkbnTHAfV",
      "is_local": false,
      "is_playable": true,
      "name": "Somethin' Stupid",
      "popularity": 77,
      "preview_url": null,
      "track_number": 2,
      "type": "track",
      "uri": "spotify:track:4feXcsElKIVsGwkbnTHAfV"
    },
    {
      "album": {
        "album_type": "album",
        "artists": [
          {
            "external_urls": {
              "spotify": "https://open.spotify.com/artist/1Mxqyy3pSjf8kZZL4QVxS0"
            },
            "href": "https://api.spotify.com/v1/artists/1Mxqyy3pSjf8kZZL4QVxS0",
            "id": "1Mxqyy3pSjf8kZZL4QVxS0",
            "name": "Frank Sinatra",
            "type": "artist",
            "uri": "spotify:artist:1Mxqyy3pSjf8kZZL4QVxS0"
          }
        ],
        "external_urls": {
          "spotify": "https://open.spotify.com/album/0ny6mZMBrYSO0s8HAKbcVq"
        },
        "href": "https://api.spotify.com/v1/albums/0ny6mZMBrYSO0s8HAKbcVq",
        "id": "0ny6mZMBrYSO0s8HAKbcVq",
        "images": [
          {
            "url": "https://i.scdn.co/image/ab67616d0000b27394fd2e614d0862bdd2592594",
            "height": 640,
            "width": 640
          },
          {
            "url": "https://i.scdn.co/image/ab67616d00001e0294fd2e614d0862bdd2592594",
            "height": 300,
            "width": 300
          },
          {
            "url": "https://i.scdn.co/image/ab67616d0000485194fd2e614d0862bdd2592594",
            "height": 64,
            "width": 64
          }
        ],
        "is_playable": true,
        "name": "A Jolly Christmas From Frank Sinatra",
        "release_date": "1957-09",
        "release_date_precision": "month",
        "total_tracks": 15,
        "type": "album",
        "uri": "spotify:album:0ny6mZMBrYSO0s8HAKbcVq"
      },
      "artists": [
        {
          "external_urls": {
            "spotify": "https://open.spotify.com/artist/1Mxqyy3pSjf8kZZL4QVxS0"
          },
          "href": "https://api.spotify.com/v1/artists/1Mxqyy3pSjf8kZZL4QVxS0",
          "id": "1Mxqyy3pSjf8kZZL4QVxS0",
          "name": "Frank Sinatra",
          "type": "artist",
          "uri": "spotify:artist:1Mxqyy3pSjf8kZZL4QVxS0"
        }
      ],
      "disc_number": 1,
      "duration_ms": 206600,
      "explicit": false,
      "external_ids": {
        "isrc": "USCA29900549"
      },
      "external_urls": {
        "spotify": "https://open.spotify.com/track/2FPfeYlrbSBR8PwCU0zaqq"
      },
      "href": "https://api.spotify.com/v1/tracks/2FPfeYlrbSBR8PwCU0zaqq",
      "id": "2FPfeYlrbSBR8PwCU0zaqq",
      "is_local": false,
      "is_playable": true,
      "name": "Have Yourself A Merry Little Christmas - Remastered 1999",
      "popularity": 77,
      "preview_url": null,
      "track_number": 6,
      "type": "track",
      "uri": "spotify:track:2FPfeYlrbSBR8PwCU0zaqq"
    },
    {
      "album": {
        "album_type": "album",
        "artists": [
          {
            "external_urls": {
              "spotify": "https://open.spotify.com/artist/1Mxqyy3pSjf8kZZL4QVxS0"
            },
            "href": "https://api.spotify.com/v1/artists/1Mxqyy3pSjf8kZZL4QVxS0",
            "id": "1Mxqyy3pSjf8kZZL4QVxS0",
            "name": "Frank Sinatra",
            "type": "artist",
            "uri": "spotify:artist:1Mxqyy3pSjf8kZZL4QVxS0"
          }
        ],
        "external_urls": {
          "spotify": "https://open.spotify.com/album/0ny6mZMBrYSO0s8HAKbcVq"
        },
        "href": "https://api.spotify.com/v1/albums/0ny6mZMBrYSO0s8HAKbcVq",
        "id": "0ny6mZMBrYSO0s8HAKbcVq",
        "images": [
          {
            "url": "https://i.scdn.co/image/ab67616d0000b27394fd2e614d0862bdd2592594",
            "height": 640,
            "width": 640
          },
          {
            "url": "https://i.scdn.co/image/ab67616d00001e0294fd2e614d0862bdd2592594",
            "height": 300,
            "width": 300
          },
          {
            "url": "https://i.scdn.co/image/ab67616d0000485194fd2e614d0862bdd2592594",
            "height": 64,
            "width": 64
          }
        ],
        "is_playable": true,
        "name": "A Jolly Christmas From Frank Sinatra",
        "release_date": "1957-09",
        "release_date_precision": "month",
        "total_tracks": 15,
        "type": "album",
        "uri": "spotify:album:0ny6mZMBrYSO0s8HAKbcVq"
      },
      "artists": [
        {
          "external_urls": {
            "spotify": "https://open.spotify.com/artist/1Mxqyy3pSjf8kZZL4QVxS0"
          },
          "href": "https://api.spotify.com/v1/artists/1Mxqyy3pSjf8kZZL4QVxS0",
          "id": "1Mxqyy3pSjf8kZZL4QVxS0",
          "name": "Frank Sinatra",
          "type": "artist",
          "uri": "spotify:artist:1Mxqyy3pSjf8kZZL4QVxS0"
        }
      ],
      "disc_number": 1,
      "duration_ms": 120693,
      "explicit": false,
      "external_ids": {
        "isrc": "USCA29900545"
      },
      "external_urls": {
        "spotify": "https://open.spotify.com/track/4HEOgBHRCExyYVeTyrXsnL"
      },
      "href": "https://api.spotify.com/v1/tracks/4HEOgBHRCExyYVeTyrXsnL",
      "id": "4HEOgBHRCExyYVeTyrXsnL",
      "is_local": false,
      "is_playable": true,
      "name": "Jingle Bells - Remastered 1999",
      "popularity": 74,
      "preview_url": null,
      "track_number": 1,
      "type": "track",
      "uri": "spotify:track:4HEOgBHRCExyYVeTyrXsnL"
    },
    {
      "album": {
        "album_type": "album",
        "artists": [
          {
            "external_urls": {
              "spotify": "https://open.spotify.com/artist/1Mxqyy3pSjf8kZZL4QVxS0"
            },
            "href": "https://api.spotify.com/v1/artists/1Mxqyy3pSjf8kZZL4QVxS0",
            "id": "1Mxqyy3pSjf8kZZL4QVxS0",
            "name": "Frank Sinatra",
            "type": "artist",
            "uri": "spotify:artist:1Mxqyy3pSjf8kZZL4QVxS0"
          }
        ],
        "external_urls": {
          "spotify": "https://open.spotify.com/album/3IdNQBn7De23AVyv2V67wn"
        },
        "href": "https://api.spotify.com/v1/albums/3IdNQBn7De23AVyv2V67wn",
        "id": "3IdNQBn7De23AVyv2V67wn",
        "images": [
          {
            "url": "https://i.scdn.co/image/ab67616d0000b27380aa6a82fce614eea8357253",
            "height": 640,
            "width": 640
          },
          {
            "url": "https://i.scdn.co/image/ab67616d00001e0280aa6a82fce614eea8357253",
            "height": 300,
            "width": 300
          },
          {
            "url": "https://i.scdn.co/image/ab67616d0000485180aa6a82fce614eea8357253",
            "height": 64,
            "width": 64
          }
        ],
        "is_playable": true,
        "name": "My Way (Expanded Edition)",
        "release_date": "1969-03",
        "release_date_precision": "month",
        "total_tracks": 12,
        "type": "album",
        "uri": "spotify:album:3IdNQBn7De23AVyv2V67wn"
      },
      "artists": [
        {
          "external_urls": {
            "spotify": "https://open.spotify.com/artist/1Mxqyy3pSjf8kZZL4QVxS0"
          },
          "href": "https://api.spotify.com/v1/artists/1Mxqyy3pSjf8kZZL4QVxS0",
          "id": "1Mxqyy3pSjf8kZZL4QVxS0",
          "name": "Frank Sinatra",
          "type": "artist",
          "uri": "spotify:artist:1Mxqyy3pSjf8kZZL4QVxS0"
        }
      ],
      "disc_number": 1,
      "duration_ms": 276800,
      "explicit": false,
      "external_ids": {
        "isrc": "USRH10902101"
      },
      "external_urls": {
        "spotify": "https://open.spotify.com/track/3spdoTYpuCpmq19tuD0bOe"
      },
      "href": "https://api.spotify.com/v1/tracks/3spdoTYpuCpmq19tuD0bOe",
      "id": "3spdoTYpuCpmq19tuD0bOe",
      "is_local": false,
      "is_playable": true,
      "name": "My Way",
      "popularity": 72,
      "preview_url": null,
      "track_number": 6,
      "type": "track",
      "uri": "spotify:track:3spdoTYpuCpmq19tuD0bOe"
    },
    {
      "album": {
        "album_type": "album",
        "artists": [
          {
            "external_urls": {
              "spotify": "https://open.spotify.com/artist/1Mxqyy3pSjf8kZZL4QVxS0"
            },
            "href": "https://api.spotify.com/v1/artists/1Mxqyy3pSjf8kZZL4QVxS0",
            "id": "1Mxqyy3pSjf8kZZL4QVxS0",
            "name": "Frank Sinatra",
            "type": "artist",
            "uri": "spotify:artist:1Mxqyy3pSjf8kZZL4QVxS0"
          },
          {
            "external_urls": {
              "spotify": "https://open.spotify.com/artist/2jFZlvIea42ZvcCw4OeEdA"
            },
            "href": "https://api.spotify.com/v1/artists/2jFZlvIea42ZvcCw4OeEdA",
            "id": "2jFZlvIea42ZvcCw4OeEdA",
            "name": "Count Basie",
            "type": "artist",
            "uri": "spotify:artist:2jFZlvIea42ZvcCw4OeEdA"
          }
        ],
        "external_urls": {
          "spotify": "https://open.spotify.com/album/2NCtCObbmJoJnplsR5mLAl"
        },
        "href": "https://api.spotify.com/v1/albums/2NCtCObbmJoJnplsR5mLAl",
        "id": "2NCtCObbmJoJnplsR5mLAl",
        "images": [
          {
            "url": "https://i.scdn.co/image/ab67616d0000b273cb81eb3c1238c60f2bbfd3b5",
            "height": 640,
            "width": 640
          },
          {
            "url": "https://i.scdn.co/image/ab67616d00001e02cb81eb3c1238c60f2bbfd3b5",
            "height": 300,
            "width": 300
          },
          {
            "url": "https://i.scdn.co/image/ab67616d00004851cb81eb3c1238c60f2bbfd3b5",
            "height": 64,
            "width": 64
          }
        ],
        "is_playable": true,
        "name": "Sinatra/Basie: The Complete Reprise Studio Recordings",
        "release_date": "1962-12-10",
        "release_date_precision": "day",
        "total_tracks": 20,
        "type": "album",
        "uri": "spotify:album:2NCtCObbmJoJnplsR5mLAl"
      },
      "artists": [
        {
          "external_urls": {
            "spotify": "https://open.spotify.com/artist/1Mxqyy3pSjf8kZZL4QVxS0"
          },
          "href": "https://api.spotify.com/v1/artists/1Mxqyy3pSjf8kZZL4QVxS0",
          "id": "1Mxqyy3pSjf8kZZL4QVxS0",
          "name": "Frank Sinatra",
          "type": "artist",
          "uri": "spotify:artist:1Mxqyy3pSjf8kZZL4QVxS0"
        },
        {
          "external_urls": {
            "spotify": "https://open.spotify.com/artist/2jFZlvIea42ZvcCw4OeEdA"
          },
          "href": "https://api.spotify.com/v1/artists/2jFZlvIea42ZvcCw4OeEdA",
          "id": "2jFZlvIea42ZvcCw4OeEdA",
          "name": "Count Basie",
          "type": "artist",
          "uri": "spotify:artist:2jFZlvIea42ZvcCw4OeEdA"
        }
      ],
      "disc_number": 1,
      "duration_ms": 147000,
      "explicit": false,
      "external_ids": {
        "isrc": "USRH10800836"
      },
      "external_urls": {
        "spotify": "https://open.spotify.com/track/5b7OgznPJJr1vHNYGyvxau"
      },
      "href": "https://api.spotify.com/v1/tracks/5b7OgznPJJr1vHNYGyvxau",
      "id": "5b7OgznPJJr1vHNYGyvxau",
      "is_local": false,
      "is_playable": true,
      "name": "Fly Me To The Moon (In Other Words)",
      "popularity": 72,
      "preview_url": null,
      "track_number": 11,
      "type": "track",
      "uri": "spotify:track:5b7OgznPJJr1vHNYGyvxau"
    },
    {
      "album": {
        "album_type": "album",
        "artists": [
          {
            "external_urls": {
              "spotify": "https://open.spotify.com/artist/1Mxqyy3pSjf8kZZL4QVxS0"
            },
            "href": "https://api.spotify.com/v1/artists/1Mxqyy3pSjf8kZZL4QVxS0",
            "id": "1Mxqyy3pSjf8kZZL4QVxS0",
            "name": "Frank Sinatra",
            "type": "artist",
            "uri": "spotify:artist:1Mxqyy3pSjf8kZZL4QVxS0"
          }
        ],
        "external_urls": {
          "spotify": "https://open.spotify.com/album/3gNsjaUsu9cRckgUFx5NsY"
        },
        "href": "https://api.spotify.com/v1/albums/3gNsjaUsu9cRckgUFx5NsY",
        "id": "3gNsjaUsu9cRckgUFx5NsY",
        "images": [
          {
            "url": "https://i.scdn.co/image/ab67616d0000b2735c21d73934bb9760a2f791a2",
            "height": 640,
            "width": 640
          },
          {
            "url": "https://i.scdn.co/image/ab67616d00001e025c21d73934bb9760a2f791a2",
            "height": 300,
            "width": 300
          },
          {
            "url": "https://i.scdn.co/image/ab67616d000048515c21d73934bb9760a2f791a2",
            "height": 64,
            "width": 64
          }
        ],
        "is_playable": true,
        "name": "That's Life",
        "release_date": "1966-11",
        "release_date_precision": "month",
        "total_tracks": 10,
        "type": "album",
        "uri": "spotify:album:3gNsjaUsu9cRckgUFx5NsY"
      },
      "artists": [
        {
          "external_urls": {
            "spotify": "https://open.spotify.com/artist/1Mxqyy3pSjf8kZZL4QVxS0"
          },
          "href": "https://api.spotify.com/v1/artists/1Mxqyy3pSjf8kZZL4QVxS0",
          "id": "1Mxqyy3pSjf8kZZL4QVxS0",
          "name": "Frank Sinatra",
          "type": "artist",
          "uri": "spotify:artist:1Mxqyy3pSjf8kZZL4QVxS0"
        }
      ],
      "disc_number": 1,
      "duration_ms": 187040,
      "explicit": false,
      "external_ids": {
        "isrc": "USRH10800967"
      },
      "external_urls": {
        "spotify": "https://open.spotify.com/track/4FmCUATNIarCQh72JYdvnm"
      },
      "href": "https://api.spotify.com/v1/tracks/4FmCUATNIarCQh72JYdvnm",
      "id": "4FmCUATNIarCQh72JYdvnm",
      "is_local": false,
      "is_playable": true,
      "name": "That's Life",
      "popularity": 70,
      "preview_url": null,
      "track_number": 1,
      "type": "track",
      "uri": "spotify:track:4FmCUATNIarCQh72JYdvnm"
    },
    {
      "album": {
        "album_type": "album",
        "artists": [
          {
            "external_urls": {
              "spotify": "https://open.spotify.com/artist/1Mxqyy3pSjf8kZZL4QVxS0"
            },
            "href": "https://api.spotify.com/v1/artists/1Mxqyy3pSjf8kZZL4QVxS0",
            "id": "1Mxqyy3pSjf8kZZL4QVxS0",
            "name": "Frank Sinatra",
            "type": "artist",
            "uri": "spotify:artist:1Mxqyy3pSjf8kZZL4QVxS0"
          }
        ],
        "external_urls": {
          "spotify": "https://open.spotify.com/album/1kyb5tomEXcA106V57puFW"
        },
        "href": "https://api.spotify.com/v1/albums/1kyb5tomEXcA106V57puFW",
        "id": "1kyb5tomEXcA106V57puFW",
        "images": [
          {
            "url": "https://i.scdn.co/image/ab67616d0000b27350bb7ca1fe7e98df87ce41d9",
            "height": 640,
            "width": 640
          },
          {
            "url": "https://i.scdn.co/image/ab67616d00001e0250bb7ca1fe7e98df87ce41d9",
            "height": 300,
            "width": 300
          },
          {
            "url": "https://i.scdn.co/image/ab67616d0000485150bb7ca1fe7e98df87ce41d9",
            "height": 64,
            "width": 64
          }
        ],
        "is_playable": true,
        "name": "Strangers In The Night (Expanded Edition)",
        "release_date": "1966-05",
        "release_date_precision": "month",
        "total_tracks": 13,
        "type": "album",
        "uri": "spotify:album:1kyb5tomEXcA106V57puFW"
      },
      "artists": [
        {
          "external_urls": {
            "spotify": "https://open.spotify.com/artist/1Mxqyy3pSjf8kZZL4QVxS0"
          },
          "href": "https://api.spotify.com/v1/artists/1Mxqyy3pSjf8kZZL4QVxS0",
          "id": "1Mxqyy3pSjf8kZZL4QVxS0",
          "name": "Frank Sinatra",
          "type": "artist",
          "uri": "spotify:artist:1Mxqyy3pSjf8kZZL4QVxS0"
        }
      ],
      "disc_number": 1,
      "duration_ms": 157866,
      "explicit": false,
      "external_ids": {
        "isrc": "USRH10800935"
      },
      "external_urls": {
        "spotify": "https://open.spotify.com/track/74VR3AkGPhbYXnxcOYa16x"
      },
      "href": "https://api.spotify.com/v1/tracks/74VR3AkGPhbYXnxcOYa16x",
      "id": "74VR3AkGPhbYXnxcOYa16x",
      "is_local": false,
      "is_playable": true,
      "name": "Strangers In The Night",
      "popularity": 72,
      "preview_url": null,
      "track_number": 1,
      "type": "track",
      "uri": "spotify:track:74VR3AkGPhbYXnxcOYa16x"
    },
    {
      "album": {
        "album_type": "album",
        "artists": [
          {
            "external_urls": {
              "spotify": "https://open.spotify.com/artist/1Mxqyy3pSjf8kZZL4QVxS0"
            },
            "href": "https://api.spotify.com/v1/artists/1Mxqyy3pSjf8kZZL4QVxS0",
            "id": "1Mxqyy3pSjf8kZZL4QVxS0",
            "name": "Frank Sinatra",
            "type": "artist",
            "uri": "spotify:artist:1Mxqyy3pSjf8kZZL4QVxS0"
          }
        ],
        "external_urls": {
          "spotify": "https://open.spotify.com/album/67Evm6gPc9wFSUf1aXOrKO"
        },
        "href": "https://api.spotify.com/v1/albums/67Evm6gPc9wFSUf1aXOrKO",
        "id": "67Evm6gPc9wFSUf1aXOrKO",
        "images": [
          {
            "url": "https://i.scdn.co/image/ab67616d0000b2733e2331ff09f59ea3c87fe5d6",
            "height": 640,
            "width": 640
          },
          {
            "url": "https://i.scdn.co/image/ab67616d00001e023e2331ff09f59ea3c87fe5d6",
            "height": 300,
            "width": 300
          },
          {
            "url": "https://i.scdn.co/image/ab67616d000048513e2331ff09f59ea3c87fe5d6",
            "height": 64,
            "width": 64
          }
        ],
        "is_playable": true,
        "name": "The World We Knew",
        "release_date": "1967-08",
        "release_date_precision": "month",
        "total_tracks": 10,
        "type": "album",
        "uri": "spotify:album:67Evm6gPc9wFSUf1aXOrKO"
      },
      "artists": [
        {
          "external_urls": {
            "spotify": "https://open.spotify.com/artist/1Mxqyy3pSjf8kZZL4QVxS0"
          },
          "href": "https://api.spotify.com/v1/artists/1Mxqyy3pSjf8kZZL4QVxS0",
          "id": "1Mxqyy3pSjf8kZZL4QVxS0",
          "name": "Frank Sinatra",
          "type": "artist",
          "uri": "spotify:artist:1Mxqyy3pSjf8kZZL4QVxS0"
        }
      ],
      "disc_number": 1,
      "duration_ms": 167053,
      "explicit": false,
      "external_ids": {
        "isrc": "USRH10800987"
      },
      "external_urls": {
        "spotify": "https://open.spotify.com/track/62KZRwymXq9Rgm8Cm5UCfx"
      },
      "href": "https://api.spotify.com/v1/tracks/62KZRwymXq9Rgm8Cm5UCfx",
      "id": "62KZRwymXq9Rgm8Cm5UCfx",
      "is_local": false,
      "is_playable": true,
      "name": "The World We Knew (Over And Over)",
      "popularity": 70,
      "preview_url": null,
      "track_number": 1,
      "type": "track",
      "uri": "spotify:track:62KZRwymXq9Rgm8Cm5UCfx"
    },
    {
      "album": {
        "album_type": "album",
        "artists": [
          {
            "external_urls": {
              "spotify": "https://open.spotify.com/artist/1Mxqyy3pSjf8kZZL4QVxS0"
            },
            "href": "https://api.spotify.com/v1/artists/1Mxqyy3pSjf8kZZL4QVxS0",
            "id": "1Mxqyy3pSjf8kZZL4QVxS0",
            "name": "Frank Sinatra",
            "type": "artist",
            "uri": "spotify:artist:1Mxqyy3pSjf8kZZL4QVxS0"
          }
        ],
        "external_urls": {
          "spotify": "https://open.spotify.com/album/0ny6mZMBrYSO0s8HAKbcVq"
        },
        "href": "https://api.spotify.com/v1/albums/0ny6mZMBrYSO0s8HAKbcVq",
        "id": "0ny6mZMBrYSO0s8HAKbcVq",
        "images": [
          {
            "url": "https://i.scdn.co/image/ab67616d0000b27394fd2e614d0862bdd2592594",
            "height": 640,
            "width": 640
          },
          {
            "url": "https://i.scdn.co/image/ab67616d00001e0294fd2e614d0862bdd2592594",
            "height": 300,
            "width": 300
          },
          {
            "url": "https://i.scdn.co/image/ab67616d0000485194fd2e614d0862bdd2592594",
            "height": 64,
            "width": 64
          }
        ],
        "is_playable": true,
        "name": "A Jolly Christmas From Frank Sinatra",
        "release_date": "1957-09",
        "release_date_precision": "month",
        "total_tracks": 15,
        "type": "album",
        "uri": "spotify:album:0ny6mZMBrYSO0s8HAKbcVq"
      },
      "artists": [
        {
          "external_urls": {
            "spotify": "https://open.spotify.com/artist/1Mxqyy3pSjf8kZZL4QVxS0"
          },
          "href": "https://api.spotify.com/v1/artists/1Mxqyy3pSjf8kZZL4QVxS0",
          "id": "1Mxqyy3pSjf8kZZL4QVxS0",
          "name": "Frank Sinatra",
          "type": "artist",
          "uri": "spotify:artist:1Mxqyy3pSjf8kZZL4QVxS0"
        }
      ],
      "disc_number": 1,
      "duration_ms": 136426,
      "explicit": false,
      "external_ids": {
        "isrc": "USCA29900547"
      },
      "external_urls": {
        "spotify": "https://open.spotify.com/track/7faDzZnZYqTyYThx2sbHVQ"
      },
      "href": "https://api.spotify.com/v1/tracks/7faDzZnZYqTyYThx2sbHVQ",
      "id": "7faDzZnZYqTyYThx2sbHVQ",
      "is_local": false,
      "is_playable": true,
      "name": "Mistletoe And Holly - Remastered 1999",
      "popularity": 65,
      "preview_url": null,
      "track_number": 3,
      "type": "track",
      "uri": "spotify:track:7faDzZnZYqTyYThx2sbHVQ"
    }
  ]
}