{
  "tracks": [
    {
      "album": {
        "album_type": "album",
        "artists": [
          {
            "external_urls": {
              "spotify": "https://open.spotify.com/artist/4M1FpEWs2PeYfJe7xxJfhH"
            },
            "href": "https://api.spotify.com/v1/artists/4M1FpEWs2PeYfJe7xxJfhH",
            "id": "4M1FpEWs2PeYfJe7xxJfhH",
            "name": "Freddie Mercury",
            "type": "artist",
            "uri": "spotify:artist:4M1FpEWs2PeYfJe7xxJfhH"
          }
        ],
        "external_urls": {
          "spotify": "https://open.spotify.com/album/2jhB9uJ63i4FapVt5QHGD6"
        },
        "href": "https://api.spotify.com/v1/albums/2jhB9uJ63i4FapVt5QHGD6",
        "id": "2jhB9uJ63i4FapVt5QHGD6",
        "images": [
          {
            "url": "https://i.scdn.co/image/ab67616d0000b27314a10c40f3a869b84a8b107b",
            "height": 640,
            "width": 640
          },
          {
            "url": "https://i.scdn.co/image/ab67616d00001e0214a10c40f3a869b84a8b107b",
            "height": 300,
            "width": 300
          },
          {
            "url": "https://i.scdn.co/image/ab67616d0000485114a10c40f3a869b84a8b107b",
            "height": 64,
            "width": 64
          }
        ],
        "is_playable": true,
        "name": "Never Boring",
        "release_date": "2019-10-11",
        "release_date_precision": "day",
        "total_tracks": 10,
        "type": "album",
        "uri": "spotify:album:2jhB9uJ63i4FapVt5QHGD6"
      },
      "artists": [
        {
          "external_urls": {
            "spotify": "https://open.spotify.com/artist/4M1FpEWs2PeYfJe7xxJfhH"
          },
          "href": "https://api.spotify.com/v1/artists/4M1FpEWs2PeYfJe7xxJfhH",
          "id": "4M1FpEWs2PeYfJe7xxJfhH",
          "name": "Freddie Mercury",
          "type": "artist",
          "uri": "spotify:artist:4M1FpEWs2PeYfJe7xxJfhH"
        },
        {
          "external_urls": {
            "spotify": "https://open.spotify.com/artist/7aIIdJYBBYHUWotpZSggUk"
          },
          "href": "https://api.spotify.com/v1/artists/7aIIdJYBBYHUWotpZSggUk",
          "id": "7aIIdJYBBYHUWotpZSggUk",
          "name": "Serge Ramaekers",
          "type": "artist",
          "uri": "spotify:artist:7aIIdJYBBYHUWotpZSggUk"
        },
        {
          "external_urls": {
            "spotify": "https://open.spotify.com/artist/4y5wqoJUmlvr9xV6l5lO4b"
          },
          "href": "https://api.spotify.com/v1/artists/4y5wqoJUmlvr9xV6l5lO4b",
          "id": "4y5wqoJUmlvr9xV6l5lO4b",
          "name": "Carl Ward",
          "type": "artist",
          "uri": "spotify:artist:4y5wqoJUmlvr9xV6l5lO4b"
        },
        {
          "external_urls": {
            "spotify": "https://open.spotify.com/artist/2Zq5OUwXVGPIPw6aBrVIFq"
          },
          "href": "https://api.spotify.com/v1/artists/2Zq5OUwXVGPIPw6aBrVIFq",
          "id": "2Zq5OUwXVGPIPw6aBrVIFq",
          "name": "Colin Peter",
          "type": "artist",
          "uri": "spotify:artist:2Zq5OUwXVGPIPw6aBrVIFq"
        }
      ],
      "disc_number": 1,
      "duration_ms": 217411,
      "explicit": false,
      "external_ids": {
        "isrc": "GBUM71107006"
      },
      "external_urls": {
        "spotify": "https://open.spotify.com/track/2VCB1IOc2oLUkat0YCkTZ6"
      },
      "href": "https://api.spotify.com/v1/tracks/2VCB1IOc2oLUkat0YCkTZ6",
      "id": "2VCB1IOc2oLUkat0YCkTZ6",
      "is_local": false,
      "is_playable": true,
      "name": "Living On My Own - No More Brothers Radio Mix",
      "popularity": 63,
      "preview_url": null,
      "track_number": 7,
      "type": "track",
      "uri": "spotify:track:2VCB1IOc2oLUkat0YCkTZ6"
    },
    {
      "album": {
        "album_type": "album",
        "artists": [
          {
            "external_urls": {
              "spotify": "https://open.spotify.com/artist/4M1FpEWs2PeYfJe7xxJfhH"
            },
            "href": "https://api.spotify.com/v1/artists/4M1FpEWs2PeYfJe7xxJfhH",
            "id": "4M1FpEWs2PeYfJe7xxJfhH",
            "name": "Freddie Mercury",
            "type": "artist",
            "uri": "spotify:artist:4M1FpEWs2PeYfJe7xxJfhH"
          }
        ],
        "external_urls": {
          "spotify": "https://open.spotify.com/album/5FfDjZOCUOH4viaDqB6ZPF"
        },
        "href": "https://api.spotify.com/v1/albums/5FfDjZOCUOH4viaDqB6ZPF",
        "id": "5FfDjZOCUOH4viaDqB6ZPF",
        "images": [
          {
            "url": "https://i.scdn.co/image/ab67616d0000b273eb9b9159e1ecb0614c2fc945",
            "height": 640,
            "width": 640
          },
          {
            "url": "https://i.scdn.co/image/ab67616d00001e02eb9b9159e1ecb0614c2fc945",
            "height": 300,
            "width": 300
          },
          {
            "url": "https://i.scdn.co/image/ab67616d00004851eb9b9159e1ecb0614c2fc945",
            "height": 64,
            "width": 64
          }
        ],
        "is_playable": true,
        "name": "Mr Bad Guy (Special Edition)",
        "release_date": "2019-10-10",
        "release_date_precision": "day",
        "total_tracks": 11,
        "type": "album",
        "uri": "spotify:album:5FfDjZOCUOH4viaDqB6ZPF"
      },
      "artists": [
        {
          "external_urls": {
            "spotify": "https://open.spotify.com/artist/4M1FpEWs2PeYfJe7xxJfhH"
          },
          "href": "https://api.spotify.com/v1/artists/4M1FpEWs2PeYfJe7xxJfhH",
          "id": "4M1FpEWs2PeYfJe7xxJfhH",
          "name": "Freddie Mercury",
          "type": "artist",
          "uri": "spotify:artist:4M1FpEWs2PeYfJe7xxJfhH"
        }
      ],
      "disc_number": 1,
      "duration_ms": 225100,
      "explicit": false,
      "external_ids": {
        "isrc": "GBUM71903064"
      },
      "external_urls": {
        "spotify": "https://open.spotify.com/track/0otmxJEwq9JI1CidrcYEq4"
      },
      "href": "https://api.spotify.com/v1/tracks/0otmxJEwq9JI1CidrcYEq4",
      "id": "0otmxJEwq9JI1CidrcYEq4",
      "is_local": false,
      "is_playable": true,
      "name": "Love Me Like There's No Tomorrow - Special Edition",
      "popularity": 59,
      "preview_url": null,
      "track_number": 11,
      "type": "track",
      "uri": "spotify:track:0otmxJEwq9JI1CidrcYEq4"
    },
    {
      "album": {
        "album_type": "compilation",
        "artists": [
          {
            "external_urls": {
              "spotify": "https://open.spotify.com/artist/4M1FpEWs2PeYfJe7xxJfhH"
            },
            "href": "https://api.spotify.com/v1/artists/4M1FpEWs2PeYfJe7xxJfhH",
            "id": "4M1FpEWs2PeYfJe7xxJfhH",
            "name": "Freddie Mercury",
            "type": "artist",
            "uri": "spotify:artist:4M1FpEWs2PeYfJe7xxJfhH"
          }
        ],
        "external_urls": {
          "spotify": "https://open.spotify.com/album/0Q6mYDUdxy5bX4vNNqqje9"
        },
        "href": "https://api.spotify.com/v1/albums/0Q6mYDUdxy5bX4vNNqqje9",
        "id": "0Q6mYDUdxy5bX4vNNqqje9",
        "images": [
          {
            "url": "https://i.scdn.co/image/ab67616d0000b273d24ef4724bd255c40755b54e",
            "height": 640,
            "width": 640
          },
          {
            "url": "https://i.scdn.co/image/ab67616d00001e02d24ef4724bd255c40755b54e",
            "height": 300,
            "width": 300
          },
          {
            "url": "https://i.scdn.co/image/ab67616d00004851d24ef4724bd255c40755b54e",
            "height": 64,
            "width": 64
          }
        ],
        "is_playable": true,
        "name": "Messenger Of The Gods: The Singles Collection",
        "release_date": "2016-09-02",
        "release_date_precision": "day",
        "total_tracks": 22,
        "type": "album",
        "uri": "spotify:album:0Q6mYDUdxy5bX4vNNqqje9"
      },
      "artists": [
        {
          "external_urls": {
            "spotify": "https://open.spotify.com/artist/4M1FpEWs2PeYfJe7xxJfhH"
          },
          "href": "https://api.spotify.com/v1/artists/4M1FpEWs2PeYfJe7xxJfhH",
          "id": "4M1FpEWs2PeYfJe7xxJfhH",
          "name": "Freddie Mercury",
          "type": "artist",
          "uri": "spotify:artist:4M1FpEWs2PeYfJe7xxJfhH"
        }
      ],
      "disc_number": 1,
      "duration_ms": 206573,
      "explicit": false,
      "external_ids": {
        "isrc": "GBDTW0000008"
      },
      "external_urls": {
        "spotify": "https://open.spotify.com/track/4RhkLF7D9fXIxnHNz1x77l"
      },
      "href": "https://api.spotify.com/v1/tracks/4RhkLF7D9fXIxnHNz1x77l",
      "id": "4RhkLF7D9fXIxnHNz1x77l",
      "is_local": false,
      "is_playable": true,
      "name": "The Great Pretender",
      "popularity": 52,
      "preview_url": null,
      "track_number": 2,
      "type": "track",
      "uri": "spotify:track:4RhkLF7D9fXIxnHNz1x77l"
    },
    {
      "album": {
        "album_type": "compilation",
        "artists": [
          {
            "external_urls": {
              "spotify": "https://open.spotify.com/artist/4M1FpEWs2PeYfJe7xxJfhH"
            },
            "href": "https://api.spotify.com/v1/artists/4M1FpEWs2PeYfJe7xxJfhH",
            "id": "4M1FpEWs2PeYfJe7xxJfhH",
            "name": "Freddie Mercury",
            "type": "artist",
            "uri": "spotify:artist:4M1FpEWs2PeYfJe7xxJfhH"
          }
        ],
        "external_urls": {
          "spotify": "https://open.spotify.com/album/0Q6mYDUdxy5bX4vNNqqje9"
        },
        "href": "https://api.spotify.com/v1/albums/0Q6mYDUdxy5bX4vNNqqje9",
        "id": "0Q6mYDUdxy5bX4vNNqqje9",
        "images": [
          {
            "url": "https://i.scdn.co/image/ab67616d0000b273d24ef4724bd255c40755b54e",
            "height": 640,
            "width": 640
          },
          {
            "url": "https://i.scdn.co/image/ab67616d00001e02d24ef4724bd255c40755b54e",
            "height": 300,
            "width": 300
          },
          {
            "url": "https://i.scdn.co/image/ab67616d00004851d24ef4724bd255c40755b54e",
            "height": 64,
            "width": 64
          }
        ],
        "is_playable": true,
        "name": "Messenger Of The Gods: The Singles Collection",
        "release_date": "2016-09-02",
        "release_date_precision": "day",
        "total_tracks": 22,
        "type": "album",
        "uri": "spotify:album:0Q6mYDUdxy5bX4vNNqqje9"
      },
      "artists": [
        {
          "external_urls": {
            "spotify": "https://open.spotify.com/artist/4M1FpEWs2PeYfJe7xxJfhH"
          },
          "href": "https://api.spotify.com/v1/artists/4M1FpEWs2PeYfJe7xxJfhH",
          "id": "4M1FpEWs2PeYfJe7xxJfhH",
          "name": "Freddie Mercury",
          "type": "artist",
          "uri": "spotify:artist:4M1FpEWs2PeYfJe7xxJfhH"
        }
      ],
      "disc_number": 1,
      "duration_ms": 226866,
      "explicit": false,
      "external_ids": {
        "isrc": "GBUM71602658"
      },
      "external_urls": {
        "spotify": "https://open.spotify.com/track/1GwRVDuSn8kQ4ZYPFGgliZ"
      },
      "href": "https://api.spotify.com/v1/tracks/1GwRVDuSn8kQ4ZYPFGgliZ",
      "id": "1GwRVDuSn8kQ4ZYPFGgliZ",
      "is_local": false,
      "is_playable": true,
      "name": "Love Me Like There's No Tomorrow",
      "popularity": 53,
      "preview_url": null,
      "track_number": 6,
      "type": "track",
      "uri": "spotify:track:1GwRVDuSn8kQ4ZYPFGgliZ"
    },
    {
      "album": {
        "album_type": "compilation",
        "artists": [
          {
            "external_urls": {
              "spotify": "https://open.spotify.com/artist/4M1FpEWs2PeYfJe7xxJfhH"
            },
            "href": "https://api.spotify.com/v1/artists/4M1FpEWs2PeYfJe7xxJfhH",
            "id": "4M1FpEWs2PeYfJe7xxJfhH",
            "name": "Freddie Mercury",
            "type": "artist",
            "uri": "spotify:artist:4M1FpEWs2PeYfJe7xxJfhH"
          }
        ],
        "external_urls": {
          "spotify": "https://open.spotify.com/album/0Q6mYDUdxy5bX4vNNqqje9"
        },
        "href": "https://api.spotify.com/v1/albums/0Q6mYDUdxy5bX4vNNqqje9",
        "id": "0Q6mYDUdxy5bX4vNNqqje9",
        "images": [
          {
            "url": "https://i.scdn.co/image/ab67616d0000b273d24ef4724bd255c40755b54e",
            "height": 640,
            "width": 640
          },
          {
            "url": "https://i.scdn.co/image/ab67616d00001e02d24ef4724bd255c40755b54e",
            "height": 300,
            "width": 300
          },
          {
            "url": "https://i.scdn.co/image/ab67616d00004851d24ef4724bd255c40755b54e",
            "height": 64,
            "width": 64
          }
        ],
        "is_playable": true,
        "name": "Messenger Of The Gods: The Singles Collection",
        "release_date": "2016-09-02",
        "release_date_precision": "day",
        "total_tracks": 22,
        "type": "album",
        "uri": "spotify:album:0Q6mYDUdxy5bX4vNNqqje9"
      },
      "artists": [
        {
          "external_urls": {
            "spotify": "https://open.spotify.com/artist/4M1FpEWs2PeYfJe7xxJfhH"
          },
          "href": "https://api.spotify.com/v1/artists/4M1FpEWs2PeYfJe7xxJfhH",
          "id": "4M1FpEWs2PeYfJe7xxJfhH",
          "name": "Freddie Mercury",
          "type": "artist",
          "uri": "spotify:artist:4M1FpEWs2PeYfJe7xxJfhH"
        },
        {
          "external_urls": {
            "spotify": "https://open.spotify.com/artist/5DcbduClwiioJ8OKVrk1D9"
          },
          "href": "https://api.spotify.com/v1/artists/5DcbduClwiioJ8OKVrk1D9",
          "id": "5DcbduClwiioJ8OKVrk1D9",
          "name": "Julian Raymond",
          "type": "artist",
          "uri": "spotify:artist:5DcbduClwiioJ8OKVrk1D9"
        }
      ],
      "disc_number": 2,
      "duration_ms": 218906,
      "explicit": false,
      "external_ids": {
        "isrc": "GBUM71030612"
      },
      "external_urls": {
        "spotify": "https://open.spotify.com/track/5NC02jCP0RHSlnPwoOTGK7"
      },
      "href": "https://api.spotify.com/v1/tracks/5NC02jCP0RHSlnPwoOTGK7",
      "id": "5NC02jCP0RHSlnPwoOTGK7",
      "is_local": false,
      "is_playable": true,
      "name": "Living on My Own - Julian Raymond Album Mix",
      "popularity": 50,
      "preview_url": null,
      "track_number": 5,
      "type": "track",
      "uri": "spotify:track:5NC02jCP0RHSlnPwoOTGK7"
    },
    {
      "album": {
        "album_type": "compilation",
        "artists": [
          {
            "external_urls": {
              "spotify": "https://open.spotify.com/artist/4M1FpEWs2PeYfJe7xxJfhH"
            },
            "href": "https://api.spotify.com/v1/artists/4M1FpEWs2PeYfJe7xxJfhH",
            "id": "4M1FpEWs2PeYfJe7xxJfhH",
            "name": "Freddie Mercury",
            "type": "artist",
            "uri": "spotify:artist:4M1FpEWs2PeYfJe7xxJfhH"
          }
        ],
        "external_urls": {
          "spotify": "https://open.spotify.com/album/0Q6mYDUdxy5bX4vNNqqje9"
        },
        "href": "https://api.spotify.com/v1/albums/0Q6mYDUdxy5bX4vNNqqje9",
        "id": "0Q6mYDUdxy5bX4vNNqqje9",
        "images": [
          {
            "url": "https://i.scdn.co/image/ab67616d0000b273d24ef4724bd255c40755b54e",
            "height": 640,
            "width": 640
          },
          {
            "url": "https://i.scdn.co/image/ab67616d00001e02d24ef4724bd255c40755b54e",
            "height": 300,
            "width": 300
          },
          {
            "url": "https://i.scdn.co/image/ab67616d00004851d24ef4724bd255c40755b54e",
            "height": 64,
            "width": 64
          }
        ],
        "is_playable": true,
        "name": "Messenger Of The Gods: The Singles Collection",
        "release_date": "2016-09-02",
        "release_date_precision": "day",
        "total_tracks": 22,
        "type": "album",
        "uri": "spotify:album:0Q6mYDUdxy5bX4vNNqqje9"
      },
      "artists": [
        {
          "external_urls": {
            "spotify": "https://open.spotify.com/artist/4M1FpEWs2PeYfJe7xxJfhH"
          },
          "href": "https://api.spotify.com/v1/artists/4M1FpEWs2PeYfJe7xxJfhH",
          "id": "4M1FpEWs2PeYfJe7xxJfhH",
          "name": "Freddie Mercury",
          "type": "artist",
          "uri": "spotify:artist:4M1FpEWs2PeYfJe7xxJfhH"
        }
      ],
      "disc_number": 1,
      "duration_ms": 219373,
      "explicit": false,
      "external_ids": {
        "isrc": "GBUM71602500"
      },
      "external_urls": {
        "spotify": "https://open.spotify.com/track/36sfWI1rk2Nf4Ek9XDUEnC"
      },
      "href": "https://api.spotify.com/v1/tracks/36sfWI1rk2Nf4Ek9XDUEnC",
      "id": "36sfWI1rk2Nf4Ek9XDUEnC",
      "is_local": false,
      "is_playable": true,
      "name": "I Was Born to Love You",
      "popularity": 52,
      "preview_url": null,
      "track_number": 7,
      "type": "track",
      "uri": "spotify:track:36sfWI1rk2Nf4Ek9XDUEnC"
    },
    {
      "album": {
        "album_type": "compilation",
        "artists": [
          {
            "external_urls": {
              "spotify": "https://open.spotify.com/artist/4M1FpEWs2PeYfJe7xxJfhH"
            },
            "href": "https://api.spotify.com/v1/artists/4M1FpEWs2PeYfJe7xxJfhH",
            "id": "4M1FpEWs2PeYfJe7xxJfhH",
            "name": "Freddie Mercury",
            "type": "artist",
            "uri": "spotify:artist:4M1FpEWs2PeYfJe7xxJfhH"
          }
        ],
        "external_urls": {
          "spotify": "https://open.spotify.com/album/0Q6mYDUdxy5bX4vNNqqje9"
        },
        "href": "https://api.spotify.com/v1/albums/0Q6mYDUdxy5bX4vNNqqje9",
        "id": "0Q6mYDUdxy5bX4vNNqqje9",
        "images": [
          {
            "url": "https://i.scdn.co/image/ab67616d0000b273d24ef4724bd255c40755b54e",
            "height": 640,
            "width": 640
          },
          {
            "url": "https://i.scdn.co/image/ab67616d00001e02d24ef4724bd255c40755b54e",
            "height": 300,
            "width": 300
          },
          {
            "url": "https://i.scdn.co/image/ab67616d00004851d24ef4724bd255c40755b54e",
            "height": 64,
            "width": 64
          }
        ],
        "is_playable": true,
        "name": "Messenger Of The Gods: The Singles Collection",
        "release_date": "2016-09-02",
        "release_date_precision": "day",
        "total_tracks": 22,
        "type": "album",
        "uri": "spotify:album:0Q6mYDUdxy5bX4vNNqqje9"
      },
      "artists": [
        {
          "external_urls": {
            "spotify": "https://open.spotify.com/artist/4M1FpEWs2PeYfJe7xxJfhH"
          },
          "href": "https://api.spotify.com/v1/artists/4M1FpEWs2PeYfJe7xxJfhH",
          "id": "4M1FpEWs2PeYfJe7xxJfhH",
          "name": "Freddie Mercury",
          "type": "artist",
          "uri": "spotify:artist:4M1FpEWs2PeYfJe7xxJfhH"
        },
        {
          "external_urls": {
            "spotify": "https://open.spotify.com/artist/6oGu0NZWy8gJ18wggybFqH"
          },
          "href": "https://api.spotify.com/v1/artists/6oGu0NZWy8gJ18wggybFqH",
          "id": "6oGu0NZWy8gJ18wggybFqH",
          "name": "Montserrat Caballé",
          "type": "artist",
          "uri": "spotify:artist:6oGu0NZWy8gJ18wggybFqH"
        }
      ],
      "disc_number": 1,
      "duration_ms": 266586,
      "explicit": false,
      "external_ids": {
        "isrc": "GBUM71602657"
      },
      "external_urls": {
        "spotify": "https://open.spotify.com/track/3U63p2I2ipLo9Jed8YDBan"
      },
      "href": "https://api.spotify.com/v1/tracks/3U63p2I2ipLo9Jed8YDBan",
      "id": "3U63p2I2ipLo9Jed8YDBan",
      "is_local": false,
      "is_playable": true,
      "name": "Barcelona",
      "popularity": 49,
      "preview_url": null,
      "track_number": 4,
      "type": "track",
      "uri": "spotify:track:3U63p2I2ipLo9Jed8YDBan"
    },
    {
      "album": {
        "album_type": "single",
        "artists": [
          {
            "external_urls": {
              "spotify": "https://open.spotify.com/artist/4M1FpEWs2PeYfJe7xxJfhH"
            },
            "href": "https://api.spotify.com/v1/artists/4M1FpEWs2PeYfJe7xxJfhH",
            "id": "4M1FpEWs2PeYfJe7xxJfhH",
            "name": "Freddie Mercury",
            "type": "artist",
            "uri": "spotify:artist:4M1FpEWs2PeYfJe7xxJfhH"
          }
        ],
        "external_urls": {
          "spotify": "https://open.spotify.com/album/3HW23wGFz88IaTUIOdumfz"
        },
        "href": "https://api.spotify.com/v1/albums/3HW23wGFz88IaTUIOdumfz",
        "id": "3HW23wGFz88IaTUIOdumfz",
        "images": [
          {
            "url": "https://i.scdn.co/image/ab67616d0000b2733eb275abf8efc71452bcd52e",
            "height": 640,
            "width": 640
          },
          {
            "url": "https://i.scdn.co/image/ab67616d00001e023eb275abf8efc71452bcd52e",
            "height": 300,
            "width": 300
          },
          {
            "url": "https://i.scdn.co/image/ab67616d000048513eb275abf8efc71452bcd52e",
            "height": 64,
            "width": 64
          }
        ],
        "is_playable": true,
        "name": "Time Waits For No One",
        "release_date": "2019-06-20",
        "release_date_precision": "day",
        "total_tracks": 1,
        "type": "album",
        "uri": "spotify:album:3HW23wGFz88IaTUIOdumfz"
      },
      "artists": [
        {
          "external_urls": {
            "spotify": "https://open.spotify.com/artist/4M1FpEWs2PeYfJe7xxJfhH"
          },
          "href": "https://api.spotify.com/v1/artists/4M1FpEWs2PeYfJe7xxJfhH",
          "id": "4M1FpEWs2PeYfJe7xxJfhH",
          "name": "Freddie Mercury",
          "type": "artist",
          "uri": "spotify:artist:4M1FpEWs2PeYfJe7xxJfhH"
        }
      ],
      "disc_number": 1,
      "duration_ms": 203436,
      "explicit": false,
      "external_ids": {
        "isrc": "GBUM71902638"
      },
      "external_urls": {
        "spotify": "https://open.spotify.com/track/2drbAkZsG7PSe1eVT5kRvy"
      },
      "href": "https://api.spotify.com/v1/tracks/2drbAkZsG7PSe1eVT5kRvy",
      "id": "2drbAkZsG7PSe1eVT5kRvy",
      "is_local": false,
      "is_playable": true,
      "name": "Time Waits For No One",
      "popularity": 50,
      "preview_url": null,
      "track_number": 1,
      "type": "track",
      "uri": "spotify:track:2drbAkZsG7PSe1eVT5kRvy"
    },
    {
      "album": {
        "album_type": "album",
        "artists": [
          {
            "external_urls": {
              "spotify": "https://open.spotify.com/artist/4M1FpEWs2PeYfJe7xxJfhH"
            },
            "href": "https://api.spotify.com/v1/artists/4M1FpEWs2PeYfJe7xxJfhH",
            "id": "4M1FpEWs2PeYfJe7xxJfhH",
            "name": "Freddie Mercury",
            "type": "artist",
            "uri": "spotify:artist:4M1FpEWs2PeYfJe7xxJfhH"
          },
          {
            "external_urls": {
              "spotify": "https://open.spotify.com/artist/6oGu0NZWy8gJ18wggybFqH"
            },
            "href": "https://api.spotify.com/v1/artists/6oGu0NZWy8gJ18wggybFqH",
            "id": "6oGu0NZWy8gJ18wggybFqH",
            "name": "Montserrat Caballé",
            "type": "artist",
            "uri": "spotify:artist:6oGu0NZWy8gJ18wggybFqH"
          }
        ],
        "external_urls": {
          "spotify": "https://open.spotify.com/album/3AxjUYdeVhSt9CDCXt3VG1"
        },
        "href": "https://api.spotify.com/v1/albums/3AxjUYdeVhSt9CDCXt3VG1",
        "id": "3AxjUYdeVhSt9CDCXt3VG1",
        "images": [
          {
            "url": "https://i.scdn.co/image/ab67616d0000b273b30e1e75859151e8d2691bcf",
            "height": 640,
            "width": 640
          },
          {
            "url": "https://i.scdn.co/image/ab67616d00001e02b30e1e75859151e8d2691bcf",
            "height": 300,
            "width": 300
          },
          {
            "url": "https://i.scdn.co/image/ab67616d00004851b30e1e75859151e8d2691bcf",
            "height": 64,
            "width": 64
          }
        ],
        "is_playable": true,
        "name": "Barcelona (Special Edition - Deluxe)",
        "release_date": "2012-01-01",
        "release_date_precision": "day",
        "total_tracks": 28,
        "type": "album",
        "uri": "spotify:album:3AxjUYdeVhSt9CDCXt3VG1"
      },
      "artists": [
        {
          "external_urls": {
            "spotify": "https://open.spotify.com/artist/4M1FpEWs2PeYfJe7xxJfhH"
          },
          "href": "https://api.spotify.com/v1/artists/4M1FpEWs2PeYfJe7xxJfhH",
          "id": "4M1FpEWs2PeYfJe7xxJfhH",
          "name": "Freddie Mercury",
          "type": "artist",
          "uri": "spotify:artist:4M1FpEWs2PeYfJe7xxJfhH"
        },
        {
          "external_urls": {
            "spotify": "https://open.spotify.com/artist/6oGu0NZWy8gJ18wggybFqH"
          },
          "href": "https://api.spotify.com/v1/artists/6oGu0NZWy8gJ18wggybFqH",
          "id": "6oGu0NZWy8gJ18wggybFqH",
          "name": "Montserrat Caballé",
          "type": "artist",
          "uri": "spotify:artist:6oGu0NZWy8gJ18wggybFqH"
        }
      ],
      "disc_number": 1,
      "duration_ms": 229680,
      "explicit": false,
      "external_ids": {
        "isrc": "GBUM71204528"
      },
      "external_urls": {
        "spotify": "https://open.spotify.com/track/4HyCv4lGb8NBnMAC7NB1vm"
      },
      "href": "https://api.spotify.com/v1/tracks/4HyCv4lGb8NBnMAC7NB1vm",
      "id": "4HyCv4lGb8NBnMAC7NB1vm",
      "is_local": false,
      "is_playable": true,
      "name": "How Can I Go On - New Orchestrated Version",
      "popularity": 49,
      "preview_url": null,
      "track_number": 7,
      "type": "track",
      "uri": "spotify:track:4HyCv4lGb8NBnMAC7NB1vm"
    },
    {
      "album": {
        "album_type": "compilation",
        "artists": [
          {
            "external_urls": {
              "spotify": "https://open.spotify.com/artist/4M1FpEWs2PeYfJe7xxJfhH"
            },
            "href": "https://api.spotify.com/v1/artists/4M1FpEWs2PeYfJe7xxJfhH",
            "id": "4M1FpEWs2PeYfJe7xxJfhH",
            "name": "Freddie Mercury",
            "type": "artist",
            "uri": "spotify:artist:4M1FpEWs2PeYfJe7xxJfhH"
          }
        ],
        "external_urls": {
          "spotify": "https://open.spotify.com/album/0Q6mYDUdxy5bX4vNNqqje9"
        },
        "href": "https://api.spotify.com/v1/albums/0Q6mYDUdxy5bX4vNNqqje9",
        "id": "0Q6mYDUdxy5bX4vNNqqje9",
        "images": [
          {
            "url": "https://i.scdn.co/image/ab67616d0000b273d24ef4724bd255c40755b54e",
            "height": 640,
            "width": 640
          },
          {
            "url": "https://i.scdn.co/image/ab67616d00001e02d24ef4724bd255c40755b54e",
            "height": 300,
            "width": 300
          },
          {
            "url": "https://i.scdn.co/image/ab67616d00004851d24ef4724bd255c40755b54e",
            "height": 64,
            "width": 64
          }
        ],
        "is_playable": true,
        "name": "Messenger Of The Gods: The Singles Collection",
        "release_date": "2016-09-02",
        "release_date_precision": "day",
        "total_tracks": 22,
        "type": "album",
        "uri": "spotify:album:0Q6mYDUdxy5bX4vNNqqje9"
      },
      "artists": [
        {
          "external_urls": {
            "spotify": "https://open.spotify.com/artist/4M1FpEWs2PeYfJe7xxJfhH"
          },
          "href": "https://api.spotify.com/v1/artists/4M1FpEWs2PeYfJe7xxJfhH",
          "id": "4M1FpEWs2PeYfJe7xxJfhH",
          "name": "Freddie Mercury",
          "type": "artist",
          "uri": "spotify:artist:4M1FpEWs2PeYfJe7xxJfhH"
        }
      ],
      "disc_number": 1,
      "duration_ms": 185480,
      "explicit": false,
      "external_ids": {
        "isrc": "GBUM71602503"
      },
      "external_urls": {
        "spotify": "https://open.spotify.com/track/2KZUU5sWWQxck17Jha4gVF"
      },
      "href": "https://api.spotify.com/v1/tracks/2KZUU5sWWQxck17Jha4gVF",
      "id": "2KZUU5sWWQxck17Jha4gVF",
      "is_local": false,
      "is_playable": true,
      "name": "Living on My Own - Single Edit",
      "popularity": 49,
      "preview_url": null,
      "track_number": 1,
      "type": "track",
      "uri": "spotify:track:2KZUU5sWWQxck17Jha4gVF"
    }
  ]
}