{
  "tracks": [
    {
      "album": {
        "album_type": "album",
        "artists": [
          {
            "external_urls": {
              "spotify": "https://open.spotify.com/artist/06HL4z0CvFAxyc27GXpf02"
            },
            "href": "https://api.spotify.com/v1/artists/06HL4z0CvFAxyc27GXpf02",
            "id": "06HL4z0CvFAxyc27GXpf02",
            "name": "Taylor Swift",
            "type": "artist",
            "uri": "spotify:artist:06HL4z0CvFAxyc27GXpf02"
          }
        ],
        "available_markets": [],
        "external_urls": {
          "spotify": "https://open.spotify.com/album/1NAmidJlEaVgA3MpcPFYGq"
        },
        "href": "https://api.spotify.com/v1/albums/1NAmidJlEaVgA3MpcPFYGq",
        "id": "1NAmidJlEaVgA3MpcPFYGq",
        "images": [
          {
            "url": "https://i.scdn.co/image/ab67616d0000b273e787cffec20aa2a396a61647",
            "height": 640,
            "width": 640
          },
          {
            "url": "https://i.scdn.co/image/ab67616d00001e02e787cffec20aa2a396a61647",
            "height": 300,
            "width": 300
          },
          {
            "url": "https://i.scdn.co/image/ab67616d00004851e787cffec20aa2a396a61647",
            "height": 64,
            "width": 64
          }
        ],
        "is_playable": true,
        "name": "Lover",
        "release_date": "2019-08-23",
        "release_date_precision": "day",
        "total_tracks": 18,
        "type": "album",
        "uri": "spotify:album:1NAmidJlEaVgA3MpcPFYGq"
      },
      "artists": [
        {
          "external_urls": {
            "spotify": "https://open.spotify.com/artist/06HL4z0CvFAxyc27GXpf02"
          },
          "href": "https://api.spotify.com/v1/artists/06HL4z0CvFAxyc27GXpf02",
          "id": "06HL4z0CvFAxyc27GXpf02",
          "name": "Taylor Swift",
          "type": "artist",
          "uri": "spotify:artist:06HL4z0CvFAxyc27GXpf02"
        }
      ],
      "available_markets": [],
      "disc_number": 1,
      "duration_ms": 178426,
      "explicit": false,
      "external_ids": {
        "isrc": "USUG11901472"
      },
      "external_urls": {
        "spotify": "https://open.spotify.com/track/1BxfuPKGuaTgP7aM0Bbdwr"
      },
      "href": "https://api.spotify.com/v1/tracks/1BxfuPKGuaTgP7aM0Bbdwr",
      "id": "1BxfuPKGuaTgP7aM0Bbdwr",
      "is_local": false,
      "is_playable": true,
      "name": "Cruel Summer",
      "popularity": 89,
      "preview_url": null,
      "track_number": 2,
      "type": "track",
      "uri": "spotify:track:1BxfuPKGuaTgP7aM0Bbdwr"
    },
    {
      "album": {
        "album_type": "album",
        "artists": [
          {
            "external_urls": {
              "spotify": "https://open.spotify.com/artist/06HL4z0CvFAxyc27GXpf02"
            },
            "href": "https://api.spotify.com/v1/artists/06HL4z0CvFAxyc27GXpf02",
            "id": "06HL4z0CvFAxyc27GXpf02",
            "name": "Taylor Swift",
            "type": "artist",
            "uri": "spotify:artist:06HL4z0CvFAxyc27GXpf02"
          }
        ],
        "available_markets": [],
        "external_urls": {
          "spotify": "https://open.spotify.com/album/1Mo4aZ8pdj6L1jx8zSwJnt"
        },
        "href": "https://api.spotify.com/v1/albums/1Mo4aZ8pdj6L1jx8zSwJnt",
        "id": "1Mo4aZ8pdj6L1jx8zSwJnt",
        "images": [
          {
            "url": "https://i.scdn.co/image/ab67616d0000b2735076e4160d018e378f488c33",
            "height": 640,
            "width": 640
          },
          {
            "url": "https://i.scdn.co/image/ab67616d00001e025076e4160d018e378f488c33",
            "height": 300,
            "width": 300
          },
          {
            "url": "https://i.scdn.co/image/ab67616d000048515076e4160d018e378f488c33",
            "height": 64,
            "width": 64
          }
        ],
        "is_playable": true,
        "name": "THE TORTURED POETS DEPARTMENT",
        "release_date": "2024-04-18",
        "release_date_precision": "day",
        "total_tracks": 16,
        "type": "album",
        "uri": "spotify:album:1Mo4aZ8pdj6L1jx8zSwJnt"
      },
      "artists": [
        {
          "external_urls": {
            "spotify": "https://open.spotify.com/artist/06HL4z0CvFAxyc27GXpf02"
          },
          "href": "https://api.spotify.com/v1/artists/06HL4z0CvFAxyc27GXpf02",
          "id": "06HL4z0CvFAxyc27GXpf02",
          "name": "Taylor Swift",
          "type": "artist",
          "uri": "spotify:artist:06HL4z0CvFAxyc27GXpf02"
        },
        {
          "external_urls": {
            "spotify": "https://open.spotify.com/artist/246dkjvS1zLTtiykXe5h60"
          },
          "href": "https://api.spotify.com/v1/artists/246dkjvS1zLTtiykXe5h60",
          "id": "246dkjvS1zLTtiykXe5h60",
          "name": "Post Malone",
          "type": "artist",
          "uri": "spotify:artist:246dkjvS1zLTtiykXe5h60"
        }
      ],
      "available_markets": [],
      "disc_number": 1,
      "duration_ms": 228965,
      "explicit": false,
      "external_ids": {
        "isrc": "USUG12401028"
      },
      "external_urls": {
        "spotify": "https://open.spotify.com/track/2OzhQlSqBEmt7hmkYxfT6m"
      },
      "href": "https://api.spotify.com/v1/tracks/2OzhQlSqBEmt7hmkYxfT6m",
      "id": "2OzhQlSqBEmt7hmkYxfT6m",
      "is_local": false,
      "is_playable": true,
      "name": "Fortnight (feat. Post Malone)",
      "popularity": 84,
      "preview_url": null,
      "track_number": 1,
      "type": "track",
      "uri": "spotify:track:2OzhQlSqBEmt7hmkYxfT6m"
    },
    {
      "album": {
        "album_type": "album",
        "artists": [
          {
            "external_urls": {
              "spotify": "https://open.spotify.com/artist/06HL4z0CvFAxyc27GXpf02"
            },
            "href": "https://api.spotify.com/v1/artists/06HL4z0CvFAxyc27GXpf02",
            "id": "06HL4z0CvFAxyc27GXpf02",
            "name": "Taylor Swift",
            "type": "artist",
            "uri": "spotify:artist:06HL4z0CvFAxyc27GXpf02"
          }
        ],
        "available_markets": [],
        "external_urls": {
          "spotify": "https://open.spotify.com/album/1Mo4aZ8pdj6L1jx8zSwJnt"
        },
        "href": "https://api.spotify.com/v1/albums/1Mo4aZ8pdj6L1jx8zSwJnt",
        "id": "1Mo4aZ8pdj6L1jx8zSwJnt",
        "images": [
          {
            "url": "https://i.scdn.co/image/ab67616d0000b2735076e4160d018e378f488c33",
            "height": 640,
            "width": 640
          },
          {
            "url": "https://i.scdn.co/image/ab67616d00001e025076e4160d018e378f488c33",
            "height": 300,
            "width": 300
          },
          {
            "url": "https://i.scdn.co/image/ab67616d000048515076e4160d018e378f488c33",
            "height": 64,
            "width": 64
          }
        ],
        "is_playable": true,
        "name": "THE TORTURED POETS DEPARTMENT",
        "release_date": "2024-04-18",
        "release_date_precision": "day",
        "total_tracks": 16,
        "type": "album",
        "uri": "spotify:album:1Mo4aZ8pdj6L1jx8zSwJnt"
      },
      "artists": [
        {
          "external_urls": {
            "spotify": "https://open.spotify.com/artist/06HL4z0CvFAxyc27GXpf02"
          },
          "href": "https://api.spotify.com/v1/artists/06HL4z0CvFAxyc27GXpf02",
          "id": "06HL4z0CvFAxyc27GXpf02",
          "name": "Taylor Swift",
          "type": "artist",
          "uri": "spotify:artist:06HL4z0CvFAxyc27GXpf02"
        }
      ],
      "available_markets": [],
      "disc_number": 1,
      "duration_ms": 218004,
      "explicit": true,
      "external_ids": {
        "isrc": "USUG12401040"
      },
      "external_urls": {
        "spotify": "https://open.spotify.com/track/4q5YezDOIPcoLr8R81x9qy"
      },
      "href": "https://api.spotify.com/v1/tracks/4q5YezDOIPcoLr8R81x9qy",
      "id": "4q5YezDOIPcoLr8R81x9qy",
      "is_local": false,
      "is_playable": true,
      "name": "I Can Do It With a Broken Heart",
      "popularity": 82,
      "preview_url": null,
      "track_number": 13,
      "type": "track",
      "uri": "spotify:track:4q5YezDOIPcoLr8R81x9qy"
    },
    {
      "album": {
        "album_type": "album",
        "artists": [
          {
            "external_urls": {
              "spotify": "https://open.spotify.com/artist/06HL4z0CvFAxyc27GXpf02"
            },
            "href": "https://api.spotify.com/v1/artists/06HL4z0CvFAxyc27GXpf02",
            "id": "06HL4z0CvFAxyc27GXpf02",
            "name": "Taylor Swift",
            "type": "artist",
            "uri": "spotify:artist:06HL4z0CvFAxyc27GXpf02"
          }
        ],
        "available_markets": [],
        "external_urls": {
          "spotify": "https://open.spotify.com/album/2fenSS68JI1h4Fo296JfGr"
        },
        "href": "https://api.spotify.com/v1/albums/2fenSS68JI1h4Fo296JfGr",
        "id": "2fenSS68JI1h4Fo296JfGr",
        "images": [
          {
            "url": "https://i.scdn.co/image/ab67616d0000b27395f754318336a07e85ec59bc",
            "height": 640,
            "width": 640
          },
          {
            "url": "https://i.scdn.co/image/ab67616d00001e0295f754318336a07e85ec59bc",
            "height": 300,
            "width": 300
          },
          {
            "url": "https://i.scdn.co/image/ab67616d0000485195f754318336a07e85ec59bc",
            "height": 64,
            "width": 64
          }
        ],
        "is_playable": true,
        "name": "folklore",
        "release_date": "2020-07-24",
        "release_date_precision": "day",
        "total_tracks": 16,
        "type": "album",
        "uri": "spotify:album:2fenSS68JI1h4Fo296JfGr"
      },
      "artists": [
        {
          "external_urls": {
            "spotify": "https://open.spotify.com/artist/06HL4z0CvFAxyc27GXpf02"
          },
          "href": "https://api.spotify.com/v1/artists/06HL4z0CvFAxyc27GXpf02",
          "id": "06HL4z0CvFAxyc27GXpf02",
          "name": "Taylor Swift",
          "type": "artist",
          "uri": "spotify:artist:06HL4z0CvFAxyc27GXpf02"
        }
      ],
      "available_markets": [],
      "disc_number": 1,
      "duration_ms": 261922,
      "explicit": false,
      "external_ids": {
        "isrc": "USUG12002842"
      },
      "external_urls": {
        "spotify": "https://open.spotify.com/track/3hUxzQpSfdDqwM3ZTFQY0K"
      },
      "href": "https://api.spotify.com/v1/tracks/3hUxzQpSfdDqwM3ZTFQY0K",
      "id": "3hUxzQpSfdDqwM3ZTFQY0K",
      "is_local": false,
      "is_playable": true,
      "name": "august",
      "popularity": 83,
      "preview_url": null,
      "track_number": 8,
      "type": "track",
      "uri": "spotify:track:3hUxzQpSfdDqwM3ZTFQY0K"
    },
    {
      "album": {
        "album_type": "album",
        "artists": [
          {
            "external_urls": {
              "spotify": "https://open.spotify.com/artist/06HL4z0CvFAxyc27GXpf02"
            },
            "href": "https://api.spotify.com/v1/artists/06HL4z0CvFAxyc27GXpf02",
            "id": "06HL4z0CvFAxyc27GXpf02",
            "name": "Taylor Swift",
            "type": "artist",
            "uri": "spotify:artist:06HL4z0CvFAxyc27GXpf02"
          }
        ],
        "available_markets": [],
        "external_urls": {
          "spotify": "https://open.spotify.com/album/2fenSS68JI1h4Fo296JfGr"
        },
        "href": "https://api.spotify.com/v1/albums/2fenSS68JI1h4Fo296JfGr",
        "id": "2fenSS68JI1h4Fo296JfGr",
        "images": [
          {
            "url": "https://i.scdn.co/image/ab67616d0000b27395f754318336a07e85ec59bc",
            "height": 640,
            "width": 640
          },
          {
            "url": "https://i.scdn.co/image/ab67616d00001e0295f754318336a07e85ec59bc",
            "height": 300,
            "width": 300
          },
          {
            "url": "https://i.scdn.co/image/ab67616d0000485195f754318336a07e85ec59bc",
            "height": 64,
            "width": 64
          }
        ],
        "is_playable": true,
        "name": "folklore",
        "release_date": "2020-07-24",
        "release_date_precision": "day",
        "total_tracks": 16,
        "type": "album",
        "uri": "spotify:album:2fenSS68JI1h4Fo296JfGr"
      },
      "artists": [
        {
          "external_urls": {
            "spotify": "https://open.spotify.com/artist/06HL4z0CvFAxyc27GXpf02"
          },
          "href": "https://api.spotify.com/v1/artists/06HL4z0CvFAxyc27GXpf02",
          "id": "06HL4z0CvFAxyc27GXpf02",
          "name": "Taylor Swift",
          "type": "artist",
          "uri": "spotify:artist:06HL4z0CvFAxyc27GXpf02"
        }
      ],
      "available_markets": [],
      "disc_number": 1,
      "duration_ms": 239560,
      "explicit": false,
      "external_ids": {
        "isrc": "USUG12002836"
      },
      "external_urls": {
        "spotify": "https://open.spotify.com/track/4R2kfaDFhslZEMJqAFNpdd"
      },
      "href": "https://api.spotify.com/v1/tracks/4R2kfaDFhslZEMJqAFNpdd",
      "id": "4R2kfaDFhslZEMJqAFNpdd",
      "is_local": false,
      "is_playable": true,
      "name": "cardigan",
      "popularity": 83,
      "preview_url": null,
      "track_number": 2,
      "type": "track",
      "uri": "spotify:track:4R2kfaDFhslZEMJqAFNpdd"
    },
    {
      "album": {
        "album_type": "album",
        "artists": [
          {
            "external_urls": {
              "spotify": "https://open.spotify.com/artist/06HL4z0CvFAxyc27GXpf02"
            },
            "href": "https://api.spotify.com/v1/artists/06HL4z0CvFAxyc27GXpf02",
            "id": "06HL4z0CvFAxyc27GXpf02",
            "name": "Taylor Swift",
            "type": "artist",
            "uri": "spotify:artist:06HL4z0CvFAxyc27GXpf02"
          }
        ],
        "available_markets": [],
        "external_urls": {
          "spotify": "https://open.spotify.com/album/1NAmidJlEaVgA3MpcPFYGq"
        },
        "href": "https://api.spotify.com/v1/albums/1NAmidJlEaVgA3MpcPFYGq",
        "id": "1NAmidJlEaVgA3MpcPFYGq",
        "images": [
          {
            "url": "https://i.scdn.co/image/ab67616d0000b273e787cffec20aa2a396a61647",
            "height": 640,
            "width": 640
          },
          {
            "url": "https://i.scdn.co/image/ab67616d00001e02e787cffec20aa2a396a61647",
            "height": 300,
            "width": 300
          },
          {
            "url": "https://i.scdn.co/image/ab67616d00004851e787cffec20aa2a396a61647",
            "height": 64,
            "width": 64
          }
        ],
        "is_playable": true,
        "name": "Lover",
        "release_date": "2019-08-23",
        "release_date_precision": "day",
        "total_tracks": 18,
        "type": "album",
        "uri": "spotify:album:1NAmidJlEaVgA3MpcPFYGq"
      },
      "artists": [
        {
          "external_urls": {
            "spotify": "https://open.spotify.com/artist/06HL4z0CvFAxyc27GXpf02"
          },
          "href": "https://api.spotify.com/v1/artists/06HL4z0CvFAxyc27GXpf02",
          "id": "06HL4z0CvFAxyc27GXpf02",
          "name": "Taylor Swift",
          "type": "artist",
          "uri": "spotify:artist:06HL4z0CvFAxyc27GXpf02"
        }
      ],
      "available_markets": [],
      "disc_number": 1,
      "duration_ms": 221306,
      "explicit": false,
      "external_ids": {
        "isrc": "USUG11901473"
      },
      "external_urls": {
        "spotify": "https://open.spotify.com/track/1dGr1c8CrMLDpV6mPbImSI"
      },
      "href": "https://api.spotify.com/v1/tracks/1dGr1c8CrMLDpV6mPbImSI",
      "id": "1dGr1c8CrMLDpV6mPbImSI",
      "is_local": false,
      "is_playable": true,
      "name": "Lover",
      "popularity": 84,
      "preview_url": null,
      "track_number": 3,
      "type": "track",
      "uri": "spotify:track:1dGr1c8CrMLDpV6mPbImSI"
    },
    {
      "album": {
        "album_type": "album",
        "artists": [
          {
            "external_urls": {
              "spotify": "https://open.spotify.com/artist/06HL4z0CvFAxyc27GXpf02"
            },
            "href": "https://api.spotify.com/v1/artists/06HL4z0CvFAxyc27GXpf02",
            "id": "06HL4z0CvFAxyc27GXpf02",
            "name": "Taylor Swift",
            "type": "artist",
            "uri": "spotify:artist:06HL4z0CvFAxyc27GXpf02"
          }
        ],
        "available_markets": [],
        "external_urls": {
          "spotify": "https://open.spotify.com/album/6DEjYFkNZh67HP7R9PSZvv"
        },
        "href": "https://api.spotify.com/v1/albums/6DEjYFkNZh67HP7R9PSZvv",
        "id": "6DEjYFkNZh67HP7R9PSZvv",
        "images": [
          {
            "url": "https://i.scdn.co/image/ab67616d0000b273da5d5aeeabacacc1263c0f4b",
            "height": 640,
            "width": 640
          },
          {
            "url": "https://i.scdn.co/image/ab67616d00001e02da5d5aeeabacacc1263c0f4b",
            "height": 300,
            "width": 300
          },
          {
            "url": "https://i.scdn.co/image/ab67616d00004851da5d5aeeabacacc1263c0f4b",
            "height": 64,
            "width": 64
          }
        ],
        "is_playable": true,
        "name": "reputation",
        "release_date": "2017-11-10",
        "release_date_precision": "day",
        "total_tracks": 15,
        "type": "album",
        "uri": "spotify:album:6DEjYFkNZh67HP7R9PSZvv"
      },
      "artists": [
        {
          "external_urls": {
            "spotify": "https://open.spotify.com/artist/06HL4z0CvFAxyc27GXpf02"
          },
          "href": "https://api.spotify.com/v1/artists/06HL4z0CvFAxyc27GXpf02",
          "id": "06HL4z0CvFAxyc27GXpf02",
          "name": "Taylor Swift",
          "type": "artist",
          "uri": "spotify:artist:06HL4z0CvFAxyc27GXpf02"
        }
      ],
      "available_markets": [],
      "disc_number": 1,
      "duration_ms": 236413,
      "explicit": false,
      "external_ids": {
        "isrc": "USCJY1750006"
      },
      "external_urls": {
        "spotify": "https://open.spotify.com/track/1R0a2iXumgCiFb7HEZ7gUE"
      },
      "href": "https://api.spotify.com/v1/tracks/1R0a2iXumgCiFb7HEZ7gUE",
      "id": "1R0a2iXumgCiFb7HEZ7gUE",
      "is_local": false,
      "is_playable": true,
      "name": "Don’t Blame Me",
      "popularity": 82,
      "preview_url": null,
      "track_number": 4,
      "type": "track",
      "uri": "spotify:track:1R0a2iXumgCiFb7HEZ7gUE"
    },
    {
      "album": {
        "album_type": "album",
        "artists": [
          {
            "external_urls": {
              "spotify": "https://open.spotify.com/artist/06HL4z0CvFAxyc27GXpf02"
            },
            "href": "https://api.spotify.com/v1/artists/06HL4z0CvFAxyc27GXpf02",
            "id": "06HL4z0CvFAxyc27GXpf02",
            "name": "Taylor Swift",
            "type": "artist",
            "uri": "spotify:artist:06HL4z0CvFAxyc27GXpf02"
          }
        ],
        "available_markets": [],
        "external_urls": {
          "spotify": "https://open.spotify.com/album/151w1FgRZfnKZA9FEcg9Z3"
        },
        "href": "https://api.spotify.com/v1/albums/151w1FgRZfnKZA9FEcg9Z3",
        "id": "151w1FgRZfnKZA9FEcg9Z3",
        "images": [
          {
            "url": "https://i.scdn.co/image/ab67616d0000b273bb54dde68cd23e2a268ae0f5",
            "height": 640,
            "width": 640
          },
          {
            "url": "https://i.scdn.co/image/ab67616d00001e02bb54dde68cd23e2a268ae0f5",
            "height": 300,
            "width": 300
          },
          {
            "url": "https://i.scdn.co/image/ab67616d00004851bb54dde68cd23e2a268ae0f5",
            "height": 64,
            "width": 64
          }
        ],
        "is_playable": true,
        "name": "Midnights",
        "release_date": "2022-10-21",
        "release_date_precision": "day",
        "total_tracks": 13,
        "type": "album",
        "uri": "spotify:album:151w1FgRZfnKZA9FEcg9Z3"
      },
      "artists": [
        {
          "external_urls": {
            "spotify": "https://open.spotify.com/artist/06HL4z0CvFAxyc27GXpf02"
          },
          "href": "https://api.spotify.com/v1/artists/06HL4z0CvFAxyc27GXpf02",
          "id": "06HL4z0CvFAxyc27GXpf02",
          "name": "Taylor Swift",
          "type": "artist",
          "uri": "spotify:artist:06HL4z0CvFAxyc27GXpf02"
        }
      ],
      "available_markets": [],
      "disc_number": 1,
      "duration_ms": 200690,
      "explicit": false,
      "external_ids": {
        "isrc": "USUG12205736"
      },
      "external_urls": {
        "spotify": "https://open.spotify.com/track/0V3wPSX9ygBnCm8psDIegu"
      },
      "href": "https://api.spotify.com/v1/tracks/0V3wPSX9ygBnCm8psDIegu",
      "id": "0V3wPSX9ygBnCm8psDIegu",
      "is_local": false,
      "is_playable": true,
      "name": "Anti-Hero",
      "popularity": 81,
      "preview_url": null,
      "track_number": 3,
      "type": "track",
      "uri": "spotify:track:0V3wPSX9ygBnCm8psDIegu"
    },
    {
      "album": {
        "album_type": "album",
        "artists": [
          {
            "external_urls": {
              "spotify": "https://open.spotify.com/artist/06HL4z0CvFAxyc27GXpf02"
            },
            "href": "https://api.spotify.com/v1/artists/06HL4z0CvFAxyc27GXpf02",
            "id": "06HL4z0CvFAxyc27GXpf02",
            "name": "Taylor Swift",
            "type": "artist",
            "uri": "spotify:artist:06HL4z0CvFAxyc27GXpf02"
          }
        ],
        "available_markets": [],
        "external_urls": {
          "spotify": "https://open.spotify.com/album/1yGbNOtRIgdIiGHOEBaZWf"
        },
        "href": "https://api.spotify.com/v1/albums/1yGbNOtRIgdIiGHOEBaZWf",
        "id": "1yGbNOtRIgdIiGHOEBaZWf",
        "images": [
          {
            "url": "https://i.scdn.co/image/ab67616d0000b27352b2a3824413eefe9e33817a",
            "height": 640,
            "width": 640
          },
          {
            "url": "https://i.scdn.co/image/ab67616d00001e0252b2a3824413eefe9e33817a",
            "height": 300,
            "width": 300
          },
          {
            "url": "https://i.scdn.co/image/ab67616d0000485152b2a3824413eefe9e33817a",
            "height": 64,
            "width": 64
          }
        ],
        "is_playable": true,
        "name": "1989 (Deluxe)",
        "release_date": "2014-01-01",
        "release_date_precision": "day",
        "total_tracks": 19,
        "type": "album",
        "uri": "spotify:album:1yGbNOtRIgdIiGHOEBaZWf"
      },
      "artists": [
        {
          "external_urls": {
            "spotify": "https://open.spotify.com/artist/06HL4z0CvFAxyc27GXpf02"
          },
          "href": "https://api.spotify.com/v1/artists/06HL4z0CvFAxyc27GXpf02",
          "id": "06HL4z0CvFAxyc27GXpf02",
          "name": "Taylor Swift",
          "type": "artist",
          "uri": "spotify:artist:06HL4z0CvFAxyc27GXpf02"
        }
      ],
      "available_markets": [],
      "disc_number": 1,
      "duration_ms": 231826,
      "explicit": false,
      "external_ids": {
        "isrc": "USCJY1431309"
      },
      "external_urls": {
        "spotify": "https://open.spotify.com/track/1u8c2t2Cy7UBoG4ArRcF5g"
      },
      "href": "https://api.spotify.com/v1/tracks/1u8c2t2Cy7UBoG4ArRcF5g",
      "id": "1u8c2t2Cy7UBoG4ArRcF5g",
      "is_local": false,
      "is_playable": true,
      "name": "Blank Space",
      "popularity": 80,
      "preview_url": null,
      "track_number": 2,
      "type": "track",
      "uri": "spotify:track:1u8c2t2Cy7UBoG4ArRcF5g"
    },
    {
      "album": {
        "album_type": "album",
        "artists": [
          {
            "external_urls": {
              "spotify": "https://open.spotify.com/artist/06HL4z0CvFAxyc27GXpf02"
            },
            "href": "https://api.spotify.com/v1/artists/06HL4z0CvFAxyc27GXpf02",
            "id": "06HL4z0CvFAxyc27GXpf02",
            "name": "Taylor Swift",
            "type": "artist",
            "uri": "spotify:artist:06HL4z0CvFAxyc27GXpf02"
          }
        ],
        "available_markets": [],
        "external_urls": {
          "spotify": "https://open.spotify.com/album/1Mo4aZ8pdj6L1jx8zSwJnt"
        },
        "href": "https://api.spotify.com/v1/albums/1Mo4aZ8pdj6L1jx8zSwJnt",
        "id": "1Mo4aZ8pdj6L1jx8zSwJnt",
        "images": [
          {
            "url": "https://i.scdn.co/image/ab67616d0000b2735076e4160d018e378f488c33",
            "height": 640,
            "width": 640
          },
          {
            "url": "https://i.scdn.co/image/ab67616d00001e025076e4160d018e378f488c33",
            "height": 300,
            "width": 300
          },
          {
            "url": "https://i.scdn.co/image/ab67616d000048515076e4160d018e378f488c33",
            "height": 64,
            "width": 64
          }
        ],
        "is_playable": true,
        "name": "THE TORTURED POETS DEPARTMENT",
        "release_date": "2024-04-18",
        "release_date_precision": "day",
        "total_tracks": 16,
        "type": "album",
        "uri": "spotify:album:1Mo4aZ8pdj6L1jx8zSwJnt"
      },
      "artists": [
        {
          "external_urls": {
            "spotify": "https://open.spotify.com/artist/06HL4z0CvFAxyc27GXpf02"
          },
          "href": "https://api.spotify.com/v1/artists/06HL4z0CvFAxyc27GXpf02",
          "id": "06HL4z0CvFAxyc27GXpf02",
          "name": "Taylor Swift",
          "type": "artist",
          "uri": "spotify:artist:06HL4z0CvFAxyc27GXpf02"
        }
      ],
      "available_markets": [],
      "disc_number": 1,
      "duration_ms": 254365,
      "explicit": false,
      "external_ids": {
        "isrc": "USUG12401036"
      },
      "external_urls": {
        "spotify": "https://open.spotify.com/track/0W0iAC1VGlB82PI6elxFYf"
      },
      "href": "https://api.spotify.com/v1/tracks/0W0iAC1VGlB82PI6elxFYf",
      "id": "0W0iAC1VGlB82PI6elxFYf",
      "is_local": false,
      "is_playable": true,
      "name": "Guilty as Sin?",
      "popularity": 77,
      "preview_url": null,
      "track_number": 9,
      "type": "track",
      "uri": "spotify:track:0W0iAC1VGlB82PI6elxFYf"
    }
  ]
}