{
  "tracks": [
    {
      "album": {
        "album_type": "single",
        "artists": [
          {
            "external_urls": {
              "spotify": "https://open.spotify.com/artist/1Xyo4u8uXC1ZmMpatF05PJ"
            },
            "href": "https://api.spotify.com/v1/artists/1Xyo4u8uXC1ZmMpatF05PJ",
            "id": "1Xyo4u8uXC1ZmMpatF05PJ",
            "name": "The Weeknd",
            "type": "artist",
            "uri": "spotify:artist:1Xyo4u8uXC1ZmMpatF05PJ"
          },
          {
            "external_urls": {
              "spotify": "https://open.spotify.com/artist/699OTQXzgjhIYAHMy9RyPD"
            },
            "href": "https://api.spotify.com/v1/artists/699OTQXzgjhIYAHMy9RyPD",
            "id": "699OTQXzgjhIYAHMy9RyPD",
            "name": "Playboi Carti",
            "type": "artist",
            "uri": "spotify:artist:699OTQXzgjhIYAHMy9RyPD"
          }
        ],
        "external_urls": {
          "spotify": "https://open.spotify.com/album/2IRxVVqbSbqHJo8Zx50LYn"
        },
        "href": "https://api.spotify.com/v1/albums/2IRxVVqbSbqHJo8Zx50LYn",
        "id": "2IRxVVqbSbqHJo8Zx50LYn",
        "images": [
          {
            "url": "https://i.scdn.co/image/ab67616d0000b27394f662ef3b5677376d8a78d4",
            "height": 640,
            "width": 640
          },
          {
            "url": "https://i.scdn.co/image/ab67616d00001e0294f662ef3b5677376d8a78d4",
            "height": 300,
            "width": 300
          },
          {
            "url": "https://i.scdn.co/image/ab67616d0000485194f662ef3b5677376d8a78d4",
            "height": 64,
            "width": 64
          }
        ],
        "is_playable": true,
        "name": "Timeless",
        "release_date": "2024-09-27",
        "release_date_precision": "day",
        "total_tracks": 1,
        "type": "album",
        "uri": "spotify:album:2IRxVVqbSbqHJo8Zx50LYn"
      },
      "artists": [
        {
          "external_urls": {
            "spotify": "https://open.spotify.com/artist/1Xyo4u8uXC1ZmMpatF05PJ"
          },
          "href": "https://api.spotify.com/v1/artists/1Xyo4u8uXC1ZmMpatF05PJ",
          "id": "1Xyo4u8uXC1ZmMpatF05PJ",
          "name": "The Weeknd",
          "type": "artist",
          "uri": "spotify:artist:1Xyo4u8uXC1ZmMpatF05PJ"
        },
        {
          "external_urls": {
            "spotify": "https://open.spotify.com/artist/699OTQXzgjhIYAHMy9RyPD"
          },
          "href": "https://api.spotify.com/v1/artists/699OTQXzgjhIYAHMy9RyPD",
          "id": "699OTQXzgjhIYAHMy9RyPD",
          "name": "Playboi Carti",
          "type": "artist",
          "uri": "spotify:artist:699OTQXzgjhIYAHMy9RyPD"
        }
      ],
      "disc_number": 1,
      "duration_ms": 256000,
      "explicit": true,
      "external_ids": {
        "isrc": "USUG12406536"
      },
      "external_urls": {
        "spotify": "https://open.spotify.com/track/1Es7AUAhQvapIcoh3qMKDL"
      },
      "href": "https://api.spotify.com/v1/tracks/1Es7AUAhQvapIcoh3qMKDL",
      "id": "1Es7AUAhQvapIcoh3qMKDL",
      "is_local": false,
      "is_playable": true,
      "name": "Timeless (with Playboi Carti)",
      "popularity": 92,
      "preview_url": null,
      "track_number": 1,
      "type": "track",
      "uri": "spotify:track:1Es7AUAhQvapIcoh3qMKDL"
    },
    {
      "album": {
        "album_type": "single",
        "artists": [
          {
            "external_urls": {
              "spotify": "https://open.spotify.com/artist/1Xyo4u8uXC1ZmMpatF05PJ"
            },
            "href": "https://api.spotify.com/v1/artists/1Xyo4u8uXC1ZmMpatF05PJ",
            "id": "1Xyo4u8uXC1ZmMpatF05PJ",
            "name": "The Weeknd",
            "type": "artist",
            "uri": "spotify:artist:1Xyo4u8uXC1ZmMpatF05PJ"
          },
          {
            "external_urls": {
              "spotify": "https://open.spotify.com/artist/250b0Wlc5Vk0CoUsaCY84M"
            },
            "href": "https://api.spotify.com/v1/artists/250b0Wlc5Vk0CoUsaCY84M",
            "id": "250b0Wlc5Vk0CoUsaCY84M",
            "name": "JENNIE",
            "type": "artist",
            "uri": "spotify:artist:250b0Wlc5Vk0CoUsaCY84M"
          },
          {
            "external_urls": {
              "spotify": "https://open.spotify.com/artist/1pBLC0qVRTB5zVMuteQ9jJ"
            },
            "href": "https://api.spotify.com/v1/artists/1pBLC0qVRTB5zVMuteQ9jJ",
            "id": "1pBLC0qVRTB5zVMuteQ9jJ",
            "name": "Lily-Rose Depp",
            "type": "artist",
            "uri": "spotify:artist:1pBLC0qVRTB5zVMuteQ9jJ"
          }
        ],
        "external_urls": {
          "spotify": "https://open.spotify.com/album/7tzVd1fwkxsorytCBjEJkU"
        },
        "href": "https://api.spotify.com/v1/albums/7tzVd1fwkxsorytCBjEJkU",
        "id": "7tzVd1fwkxsorytCBjEJkU",
        "images": [
          {
            "url": "https://i.scdn.co/image/ab67616d0000b273b0dd6a5cd1dec96c4119c262",
            "height": 640,
            "width": 640
          },
          {
            "url": "https://i.scdn.co/image/ab67616d00001e02b0dd6a5cd1dec96c4119c262",
            "height": 300,
            "width": 300
          },
          {
            "url": "https://i.scdn.co/image/ab67616d00004851b0dd6a5cd1dec96c4119c262",
            "height": 64,
            "width": 64
          }
        ],
        "is_playable": true,
        "name": "The Idol Episode 4 (Music from the HBO Original Series)",
        "release_date": "2023-06-23",
        "release_date_precision": "day",
        "total_tracks": 3,
        "type": "album",
        "uri": "spotify:album:7tzVd1fwkxsorytCBjEJkU"
      },
      "artists": [
        {
          "external_urls": {
            "spotify": "https://open.spotify.com/artist/1Xyo4u8uXC1ZmMpatF05PJ"
          },
          "href": "https://api.spotify.com/v1/artists/1Xyo4u8uXC1ZmMpatF05PJ",
          "id": "1Xyo4u8uXC1ZmMpatF05PJ",
          "name": "The Weeknd",
          "type": "artist",
          "uri": "spotify:artist:1Xyo4u8uXC1ZmMpatF05PJ"
        },
        {
          "external_urls": {
            "spotify": "https://open.spotify.com/artist/250b0Wlc5Vk0CoUsaCY84M"
          },
          "href": "https://api.spotify.com/v1/artists/250b0Wlc5Vk0CoUsaCY84M",
          "id": "250b0Wlc5Vk0CoUsaCY84M",
          "name": "JENNIE",
          "type": "artist",
          "uri": "spotify:artist:250b0Wlc5Vk0CoUsaCY84M"
        },
        {
          "external_urls": {
            "spotify": "https://open.spotify.com/artist/1pBLC0qVRTB5zVMuteQ9jJ"
          },
          "href": "https://api.spotify.com/v1/artists/1pBLC0qVRTB5zVMuteQ9jJ",
          "id": "1pBLC0qVRTB5zVMuteQ9jJ",
          "name": "Lily-Rose Depp",
          "type": "artist",
          "uri": "spotify:artist:1pBLC0qVRTB5zVMuteQ9jJ"
        }
      ],
      "disc_number": 1,
      "duration_ms": 244684,
      "explicit": false,
      "external_ids": {
        "isrc": "USUG12303881"
      },
      "external_urls": {
        "spotify": "https://open.spotify.com/track/7CyPwkp0oE8Ro9Dd5CUDjW"
      },
      "href": "https://api.spotify.com/v1/tracks/7CyPwkp0oE8Ro9Dd5CUDjW",
      "id": "7CyPwkp0oE8Ro9Dd5CUDjW",
      "is_local": false,
      "is_playable": true,
      "name": "One Of The Girls (with JENNIE, Lily Rose Depp)",
      "popularity": 90,
      "preview_url": null,
      "track_number": 1,
      "type": "track",
      "uri": "spotify:track:7CyPwkp0oE8Ro9Dd5CUDjW"
    },
    {
      "album": {
        "album_type": "album",
        "artists": [
          {
            "external_urls": {
              "spotify": "https://open.spotify.com/artist/1Xyo4u8uXC1ZmMpatF05PJ"
            },
            "href": "https://api.spotify.com/v1/artists/1Xyo4u8uXC1ZmMpatF05PJ",
            "id": "1Xyo4u8uXC1ZmMpatF05PJ",
            "name": "The Weeknd",
            "type": "artist",
            "uri": "spotify:artist:1Xyo4u8uXC1ZmMpatF05PJ"
          }
        ],
        "external_urls": {
          "spotify": "https://open.spotify.com/album/2ODvWsOgouMbaA5xf0RkJe"
        },
        "href": "https://api.spotify.com/v1/albums/2ODvWsOgouMbaA5xf0RkJe",
        "id": "2ODvWsOgouMbaA5xf0RkJe",
        "images": [
          {
            "url": "https://i.scdn.co/image/ab67616d0000b2734718e2b124f79258be7bc452",
            "height": 640,
            "width": 640
          },
          {
            "url": "https://i.scdn.co/image/ab67616d00001e024718e2b124f79258be7bc452",
            "height": 300,
            "width": 300
          },
          {
            "url": "https://i.scdn.co/image/ab67616d000048514718e2b124f79258be7bc452",
            "height": 64,
            "width": 64
          }
        ],
        "is_playable": true,
        "name": "Starboy",
        "release_date": "2016-11-25",
        "release_date_precision": "day",
        "total_tracks": 18,
        "type": "album",
        "uri": "spotify:album:2ODvWsOgouMbaA5xf0RkJe"
      },
      "artists": [
        {
          "external_urls": {
            "spotify": "https://open.spotify.com/artist/1Xyo4u8uXC1ZmMpatF05PJ"
          },
          "href": "https://api.spotify.com/v1/artists/1Xyo4u8uXC1ZmMpatF05PJ",
          "id": "1Xyo4u8uXC1ZmMpatF05PJ",
          "name": "The Weeknd",
          "type": "artist",
          "uri": "spotify:artist:1Xyo4u8uXC1ZmMpatF05PJ"
        },
        {
          "external_urls": {
            "spotify": "https://open.spotify.com/artist/4tZwfgrHOc3mvqYlEYSvVi"
          },
          "href": "https://api.spotify.com/v1/artists/4tZwfgrHOc3mvqYlEYSvVi",
          "id": "4tZwfgrHOc3mvqYlEYSvVi",
          "name": "Daft Punk",
          "type": "artist",
          "uri": "spotify:artist:4tZwfgrHOc3mvqYlEYSvVi"
        }
      ],
      "disc_number": 1,
      "duration_ms": 230453,
      "explicit": true,
      "external_ids": {
        "isrc": "USUG11600976"
      },
      "external_urls": {
        "spotify": "https://open.spotify.com/track/7MXVkk9YMctZqd1Srtv4MB"
      },
      "href": "https://api.spotify.com/v1/tracks/7MXVkk9YMctZqd1Srtv4MB",
      "id": "7MXVkk9YMctZqd1Srtv4MB",
      "is_local": false,
      "is_playable": true,
      "name": "Starboy",
      "popularity": 87,
      "preview_url": null,
      "track_number": 1,
      "type": "track",
      "uri": "spotify:track:7MXVkk9YMctZqd1Srtv4MB"
    },
    {
      "album": {
        "album_type": "album",
        "artists": [
          {
            "external_urls": {
              "spotify": "https://open.spotify.com/artist/1Xyo4u8uXC1ZmMpatF05PJ"
            },
            "href": "https://api.spotify.com/v1/artists/1Xyo4u8uXC1ZmMpatF05PJ",
            "id": "1Xyo4u8uXC1ZmMpatF05PJ",
            "name": "The Weeknd",
            "type": "artist",
            "uri": "spotify:artist:1Xyo4u8uXC1ZmMpatF05PJ"
          }
        ],
        "external_urls": {
          "spotify": "https://open.spotify.com/album/4yP0hdKOZPNshxUOjY0cZj"
        },
        "href": "https://api.spotify.com/v1/albums/4yP0hdKOZPNshxUOjY0cZj",
        "id": "4yP0hdKOZPNshxUOjY0cZj",
        "images": [
          {
            "url": "https://i.scdn.co/image/ab67616d0000b2738863bc11d2aa12b54f5aeb36",
            "height": 640,
            "width": 640
          },
          {
            "url": "https://i.scdn.co/image/ab67616d00001e028863bc11d2aa12b54f5aeb36",
            "height": 300,
            "width": 300
          },
          {
            "url": "https://i.scdn.co/image/ab67616d000048518863bc11d2aa12b54f5aeb36",
            "height": 64,
            "width": 64
          }
        ],
        "is_playable": true,
        "name": "After Hours",
        "release_date": "2020-03-20",
        "release_date_precision": "day",
        "total_tracks": 14,
        "type": "album",
        "uri": "spotify:album:4yP0hdKOZPNshxUOjY0cZj"
      },
      "artists": [
        {
          "external_urls": {
            "spotify": "https://open.spotify.com/artist/1Xyo4u8uXC1ZmMpatF05PJ"
          },
          "href": "https://api.spotify.com/v1/artists/1Xyo4u8uXC1ZmMpatF05PJ",
          "id": "1Xyo4u8uXC1ZmMpatF05PJ",
          "name": "The Weeknd",
          "type": "artist",
          "uri": "spotify:artist:1Xyo4u8uXC1ZmMpatF05PJ"
        }
      ],
      "disc_number": 1,
      "duration_ms": 200040,
      "explicit": false,
      "external_ids": {
        "isrc": "USUG11904206"
      },
      "external_urls": {
        "spotify": "https://open.spotify.com/track/0VjIjW4GlUZAMYd2vXMi3b"
      },
      "href": "https://api.spotify.com/v1/tracks/0VjIjW4GlUZAMYd2vXMi3b",
      "id": "0VjIjW4GlUZAMYd2vXMi3b",
      "is_local": false,
      "is_playable": true,
      "name": "Blinding Lights",
      "popularity": 87,
      "preview_url": null,
      "track_number": 9,
      "type": "track",
      "uri": "spotify:track:0VjIjW4GlUZAMYd2vXMi3b"
    },
    {
      "album": {
        "album_type": "album",
        "artists": [
          {
            "external_urls": {
              "spotify": "https://open.spotify.com/artist/1Xyo4u8uXC1ZmMpatF05PJ"
            },
            "href": "https://api.spotify.com/v1/artists/1Xyo4u8uXC1ZmMpatF05PJ",
            "id": "1Xyo4u8uXC1ZmMpatF05PJ",
            "name": "The Weeknd",
            "type": "artist",
            "uri": "spotify:artist:1Xyo4u8uXC1ZmMpatF05PJ"
          }
        ],
        "external_urls": {
          "spotify": "https://open.spotify.com/album/4AdZV63ycxFLF6Hcol0QnB"
        },
        "href": "https://api.spotify.com/v1/albums/4AdZV63ycxFLF6Hcol0QnB",
        "id": "4AdZV63ycxFLF6Hcol0QnB",
        "images": [
          {
            "url": "https://i.scdn.co/image/ab67616d0000b273a048415db06a5b6fa7ec4e1a",
            "height": 640,
            "width": 640
          },
          {
            "url": "https://i.scdn.co/image/ab67616d00001e02a048415db06a5b6fa7ec4e1a",
            "height": 300,
            "width": 300
          },
          {
            "url": "https://i.scdn.co/image/ab67616d00004851a048415db06a5b6fa7ec4e1a",
            "height": 64,
            "width": 64
          }
        ],
        "is_playable": true,
        "name": "Starboy",
        "release_date": "2016-11-24",
        "release_date_precision": "day",
        "total_tracks": 18,
        "type": "album",
        "uri": "spotify:album:4AdZV63ycxFLF6Hcol0QnB"
      },
      "artists": [
        {
          "external_urls": {
            "spotify": "https://open.spotify.com/artist/1Xyo4u8uXC1ZmMpatF05PJ"
          },
          "href": "https://api.spotify.com/v1/artists/1Xyo4u8uXC1ZmMpatF05PJ",
          "id": "1Xyo4u8uXC1ZmMpatF05PJ",
          "name": "The Weeknd",
          "type": "artist",
          "uri": "spotify:artist:1Xyo4u8uXC1ZmMpatF05PJ"
        }
      ],
      "disc_number": 1,
      "duration_ms": 260253,
      "explicit": false,
      "external_ids": {
        "isrc": "USUG11600995"
      },
      "external_urls": {
        "spotify": "https://open.spotify.com/track/2LBqCSwhJGcFQeTHMVGwy3"
      },
      "href": "https://api.spotify.com/v1/tracks/2LBqCSwhJGcFQeTHMVGwy3",
      "id": "2LBqCSwhJGcFQeTHMVGwy3",
      "is_local": false,
      "is_playable": true,
      "name": "Die For You",
      "popularity": 84,
      "preview_url": null,
      "track_number": 17,
      "type": "track",
      "uri": "spotify:track:2LBqCSwhJGcFQeTHMVGwy3"
    },
    {
      "album": {
        "album_type": "single",
        "artists": [
          {
            "external_urls": {
              "spotify": "https://open.spotify.com/artist/1Xyo4u8uXC1ZmMpatF05PJ"
            },
            "href": "https://api.spotify.com/v1/artists/1Xyo4u8uXC1ZmMpatF05PJ",
            "id": "1Xyo4u8uXC1ZmMpatF05PJ",
            "name": "The Weeknd",
            "type": "artist",
            "uri": "spotify:artist:1Xyo4u8uXC1ZmMpatF05PJ"
          },
          {
            "external_urls": {
              "spotify": "https://open.spotify.com/artist/7FNnA9vBm6EKceENgCGRMb"
            },
            "href": "https://api.spotify.com/v1/artists/7FNnA9vBm6EKceENgCGRMb",
            "id": "7FNnA9vBm6EKceENgCGRMb",
            "name": "Anitta",
            "type": "artist",
            "uri": "spotify:artist:7FNnA9vBm6EKceENgCGRMb"
          }
        ],
        "external_urls": {
          "spotify": "https://open.spotify.com/album/44MHvpU3h9Wp6SxhsC9GOK"
        },
        "href": "https://api.spotify.com/v1/albums/44MHvpU3h9Wp6SxhsC9GOK",
        "id": "44MHvpU3h9Wp6SxhsC9GOK",
        "images": [
          {
            "url": "https://i.scdn.co/image/ab67616d0000b273935a1712f56a9ee9d51ffd6e",
            "height": 640,
            "width": 640
          },
          {
            "url": "https://i.scdn.co/image/ab67616d00001e02935a1712f56a9ee9d51ffd6e",
            "height": 300,
            "width": 300
          },
          {
            "url": "https://i.scdn.co/image/ab67616d00004851935a1712f56a9ee9d51ffd6e",
            "height": 64,
            "width": 64
          }
        ],
        "is_playable": true,
        "name": "São Paulo",
        "release_date": "2024-10-31",
        "release_date_precision": "day",
        "total_tracks": 1,
        "type": "album",
        "uri": "spotify:album:44MHvpU3h9Wp6SxhsC9GOK"
      },
      "artists": [
        {
          "external_urls": {
            "spotify": "https://open.spotify.com/artist/1Xyo4u8uXC1ZmMpatF05PJ"
          },
          "href": "https://api.spotify.com/v1/artists/1Xyo4u8uXC1ZmMpatF05PJ",
          "id": "1Xyo4u8uXC1ZmMpatF05PJ",
          "name": "The Weeknd",
          "type": "artist",
          "uri": "spotify:artist:1Xyo4u8uXC1ZmMpatF05PJ"
        },
        {
          "external_urls": {
            "spotify": "https://open.spotify.com/artist/7FNnA9vBm6EKceENgCGRMb"
          },
          "href": "https://api.spotify.com/v1/artists/7FNnA9vBm6EKceENgCGRMb",
          "id": "7FNnA9vBm6EKceENgCGRMb",
          "name": "Anitta",
          "type": "artist",
          "uri": "spotify:artist:7FNnA9vBm6EKceENgCGRMb"
        }
      ],
      "disc_number": 1,
      "duration_ms": 301623,
      "explicit": true,
      "external_ids": {
        "isrc": "USUG12405846"
      },
      "external_urls": {
        "spotify": "https://open.spotify.com/track/0xGQTpN4ESETtl1Sp6rzd2"
      },
      "href": "https://api.spotify.com/v1/tracks/0xGQTpN4ESETtl1Sp6rzd2",
      "id": "0xGQTpN4ESETtl1Sp6rzd2",
      "is_local": false,
      "is_playable": true,
      "name": "São Paulo (feat. Anitta)",
      "popularity": 86,
      "preview_url": null,
      "track_number": 1,
      "type": "track",
      "uri": "spotify:track:0xGQTpN4ESETtl1Sp6rzd2"
    },
    {
      "album": {
        "album_type": "album",
        "artists": [
          {
            "external_urls": {
              "spotify": "https://open.spotify.com/artist/1Xyo4u8uXC1ZmMpatF05PJ"
            },
            "href": "https://api.spotify.com/v1/artists/1Xyo4u8uXC1ZmMpatF05PJ",
            "id": "1Xyo4u8uXC1ZmMpatF05PJ",
            "name": "The Weeknd",
            "type": "artist",
            "uri": "spotify:artist:1Xyo4u8uXC1ZmMpatF05PJ"
          }
        ],
        "external_urls": {
          "spotify": "https://open.spotify.com/album/4yP0hdKOZPNshxUOjY0cZj"
        },
        "href": "https://api.spotify.com/v1/albums/4yP0hdKOZPNshxUOjY0cZj",
        "id": "4yP0hdKOZPNshxUOjY0cZj",
        "images": [
          {
            "url": "https://i.scdn.co/image/ab67616d0000b2738863bc11d2aa12b54f5aeb36",
            "height": 640,
            "width": 640
          },
          {
            "url": "https://i.scdn.co/image/ab67616d00001e028863bc11d2aa12b54f5aeb36",
            "height": 300,
            "width": 300
          },
          {
            "url": "https://i.scdn.co/image/ab67616d000048518863bc11d2aa12b54f5aeb36",
            "height": 64,
            "width": 64
          }
        ],
        "is_playable": true,
        "name": "After Hours",
        "release_date": "2020-03-20",
        "release_date_precision": "day",
        "total_tracks": 14,
        "type": "album",
        "uri": "spotify:album:4yP0hdKOZPNshxUOjY0cZj"
      },
      "artists": [
        {
          "external_urls": {
            "spotify": "https://open.spotify.com/artist/1Xyo4u8uXC1ZmMpatF05PJ"
          },
          "href": "https://api.spotify.com/v1/artists/1Xyo4u8uXC1ZmMpatF05PJ",
          "id": "1Xyo4u8uXC1ZmMpatF05PJ",
          "name": "The Weeknd",
          "type": "artist",
          "uri": "spotify:artist:1Xyo4u8uXC1ZmMpatF05PJ"
        }
      ],
      "disc_number": 1,
      "duration_ms": 215626,
      "explicit": true,
      "external_ids": {
        "isrc": "USUG12000658"
      },
      "external_urls": {
        "spotify": "https://open.spotify.com/track/5QO79kh1waicV47BqGRL3g"
      },
      "href": "https://api.spotify.com/v1/tracks/5QO79kh1waicV47BqGRL3g",
      "id": "5QO79kh1waicV47BqGRL3g",
      "is_local": false,
      "is_playable": true,
      "name": "Save Your Tears",
      "popularity": 84,
      "preview_url": null,
      "track_number": 11,
      "type": "track",
      "uri": "spotify:track:5QO79kh1waicV47BqGRL3g"
    },
    {
      "album": {
        "album_type": "single",
        "artists": [
          {
            "external_urls": {
              "spotify": "https://open.spotify.com/artist/1Xyo4u8uXC1ZmMpatF05PJ"
            },
            "href": "https://api.spotify.com/v1/artists/1Xyo4u8uXC1ZmMpatF05PJ",
            "id": "1Xyo4u8uXC1ZmMpatF05PJ",
            "name": "The Weeknd",
            "type": "artist",
            "uri": "spotify:artist:1Xyo4u8uXC1ZmMpatF05PJ"
          }
        ],
        "external_urls": {
          "spotify": "https://open.spotify.com/album/5XsZ5ZTcIHnZxjynaGxA0g"
        },
        "href": "https://api.spotify.com/v1/albums/5XsZ5ZTcIHnZxjynaGxA0g",
        "id": "5XsZ5ZTcIHnZxjynaGxA0g",
        "images": [
          {
            "url": "https://i.scdn.co/image/ab67616d0000b273f0e9b93cadbeb4d0227a59eb",
            "height": 640,
            "width": 640
          },
          {
            "url": "https://i.scdn.co/image/ab67616d00001e02f0e9b93cadbeb4d0227a59eb",
            "height": 300,
            "width": 300
          },
          {
            "url": "https://i.scdn.co/image/ab67616d00004851f0e9b93cadbeb4d0227a59eb",
            "height": 64,
            "width": 64
          }
        ],
        "is_playable": true,
        "name": "Dancing In The Flames",
        "release_date": "2024-09-13",
        "release_date_precision": "day",
        "total_tracks": 1,
        "type": "album",
        "uri": "spotify:album:5XsZ5ZTcIHnZxjynaGxA0g"
      },
      "artists": [
        {
          "external_urls": {
            "spotify": "https://open.spotify.com/artist/1Xyo4u8uXC1ZmMpatF05PJ"
          },
          "href": "https://api.spotify.com/v1/artists/1Xyo4u8uXC1ZmMpatF05PJ",
          "id": "1Xyo4u8uXC1ZmMpatF05PJ",
          "name": "The Weeknd",
          "type": "artist",
          "uri": "spotify:artist:1Xyo4u8uXC1ZmMpatF05PJ"
        }
      ],
      "disc_number": 1,
      "duration_ms": 220036,
      "explicit": false,
      "external_ids": {
        "isrc": "USUG12405844"
      },
      "external_urls": {
        "spotify": "https://open.spotify.com/track/7z7kvUQGwlC6iOl7vMuAr9"
      },
      "href": "https://api.spotify.com/v1/tracks/7z7kvUQGwlC6iOl7vMuAr9",
      "id": "7z7kvUQGwlC6iOl7vMuAr9",
      "is_local": false,
      "is_playable": true,
      "name": "Dancing In The Flames",
      "popularity": 83,
      "preview_url": null,
      "track_number": 1,
      "type": "track",
      "uri": "spotify:track:7z7kvUQGwlC6iOl7vMuAr9"
    },
    {
      "album": {
        "album_type": "album",
        "artists": [
          {
            "external_urls": {
              "spotify": "https://open.spotify.com/artist/1Xyo4u8uXC1ZmMpatF05PJ"
            },
            "href": "https://api.spotify.com/v1/artists/1Xyo4u8uXC1ZmMpatF05PJ",
            "id": "1Xyo4u8uXC1ZmMpatF05PJ",
            "name": "The Weeknd",
            "type": "artist",
            "uri": "spotify:artist:1Xyo4u8uXC1ZmMpatF05PJ"
          }
        ],
        "external_urls": {
          "spotify": "https://open.spotify.com/album/0P3oVJBFOv3TDXlYRhGL7s"
        },
        "href": "https://api.spotify.com/v1/albums/0P3oVJBFOv3TDXlYRhGL7s",
        "id": "0P3oVJBFOv3TDXlYRhGL7s",
        "images": [
          {
            "url": "https://i.scdn.co/image/ab67616d0000b2737fcead687e99583072cc217b",
            "height": 640,
            "width": 640
          },
          {
            "url": "https://i.scdn.co/image/ab67616d00001e027fcead687e99583072cc217b",
            "height": 300,
            "width": 300
          },
          {
            "url": "https://i.scdn.co/image/ab67616d000048517fcead687e99583072cc217b",
            "height": 64,
            "width": 64
          }
        ],
        "is_playable": true,
        "name": "Beauty Behind The Madness",
        "release_date": "2015-08-28",
        "release_date_precision": "day",
        "total_tracks": 14,
        "type": "album",
        "uri": "spotify:album:0P3oVJBFOv3TDXlYRhGL7s"
      },
      "artists": [
        {
          "external_urls": {
            "spotify": "https://open.spotify.com/artist/1Xyo4u8uXC1ZmMpatF05PJ"
          },
          "href": "https://api.spotify.com/v1/artists/1Xyo4u8uXC1ZmMpatF05PJ",
          "id": "1Xyo4u8uXC1ZmMpatF05PJ",
          "name": "The Weeknd",
          "type": "artist",
          "uri": "spotify:artist:1Xyo4u8uXC1ZmMpatF05PJ"
        }
      ],
      "disc_number": 1,
      "duration_ms": 242253,
      "explicit": true,
      "external_ids": {
        "isrc": "USUG11500737"
      },
      "external_urls": {
        "spotify": "https://open.spotify.com/track/7fBv7CLKzipRk6EC6TWHOB"
      },
      "href": "https://api.spotify.com/v1/tracks/7fBv7CLKzipRk6EC6TWHOB",
      "id": "7fBv7CLKzipRk6EC6TWHOB",
      "is_local": false,
      "is_playable": true,
      "name": "The Hills",
      "popularity": 84,
      "preview_url": null,
      "track_number": 5,
      "type": "track",
      "uri": "spotify:track:7fBv7CLKzipRk6EC6TWHOB"
    },
    {
      "album": {
        "album_type": "album",
        "artists": [
          {
            "external_urls": {
              "spotify": "https://open.spotify.com/artist/1Xyo4u8uXC1ZmMpatF05PJ"
            },
            "href": "https://api.spotify.com/v1/artists/1Xyo4u8uXC1ZmMpatF05PJ",
            "id": "1Xyo4u8uXC1ZmMpatF05PJ",
            "name": "The Weeknd",
            "type": "artist",
            "uri": "spotify:artist:1Xyo4u8uXC1ZmMpatF05PJ"
          }
        ],
        "external_urls": {
          "spotify": "https://open.spotify.com/album/4AdZV63ycxFLF6Hcol0QnB"
        },
        "href": "https://api.spotify.com/v1/albums/4AdZV63ycxFLF6Hcol0QnB",
        "id": "4AdZV63ycxFLF6Hcol0QnB",
        "images": [
          {
            "url": "https://i.scdn.co/image/ab67616d0000b273a048415db06a5b6fa7ec4e1a",
            "height": 640,
            "width": 640
          },
          {
            "url": "https://i.scdn.co/image/ab67616d00001e02a048415db06a5b6fa7ec4e1a",
            "height": 300,
            "width": 300
          },
          {
            "url": "https://i.scdn.co/image/ab67616d00004851a048415db06a5b6fa7ec4e1a",
            "height": 64,
            "width": 64
          }
        ],
        "is_playable": true,
        "name": "Starboy",
        "release_date": "2016-11-24",
        "release_date_precision": "day",
        "total_tracks": 18,
        "type": "album",
        "uri": "spotify:album:4AdZV63ycxFLF6Hcol0QnB"
      },
      "artists": [
        {
          "external_urls": {
            "spotify": "https://open.spotify.com/artist/1Xyo4u8uXC1ZmMpatF05PJ"
          },
          "href": "https://api.spotify.com/v1/artists/1Xyo4u8uXC1ZmMpatF05PJ",
          "id": "1Xyo4u8uXC1ZmMpatF05PJ",
          "name": "The Weeknd",
          "type": "artist",
          "uri": "spotify:artist:1Xyo4u8uXC1ZmMpatF05PJ"
        },
        {
          "external_urls": {
            "spotify": "https://open.spotify.com/artist/00FQb4jTyendYWaN8pK0wa"
          },
          "href": "https://api.spotify.com/v1/artists/00FQb4jTyendYWaN8pK0wa",
          "id": "00FQb4jTyendYWaN8pK0wa",
          "name": "Lana Del Rey",
          "type": "artist",
          "uri": "spotify:artist:00FQb4jTyendYWaN8pK0wa"
        }
      ],
      "disc_number": 1,
      "duration_ms": 111626,
      "explicit": false,
      "external_ids": {
        "isrc": "USUG11600986"
      },
      "external_urls": {
        "spotify": "https://open.spotify.com/track/5gDWsRxpJ2lZAffh5p7K0w"
      },
      "href": "https://api.spotify.com/v1/tracks/5gDWsRxpJ2lZAffh5p7K0w",
      "id": "5gDWsRxpJ2lZAffh5p7K0w",
      "is_local": false,
      "is_playable": true,
      "name": "Stargirl Interlude",
      "popularity": 82,
      "preview_url": null,
      "track_number": 8,
      "type": "track",
      "uri": "spotify:track:5gDWsRxpJ2lZAffh5p7K0w"
    }
  ]
}